age,income,experience,savings,debt,dependents,discipline,risk_tolerance,knowledge,risk_profile
27,114825,2,120458,20366,0,5,3,3,Aggressive
29,154604,19,102408,48143,3,5,2,1,Aggressive
50,81520,5,114306,25761,2,4,5,5,Aggressive
29,132040,3,93371,25936,2,1,1,1,Balanced
28,51768,19,64303,33459,1,4,5,5,Aggressive
59,184722,19,72143,19766,3,4,1,4,Aggressive
50,81641,2,36466,76137,4,4,2,2,Balanced
21,65450,8,50830,39967,2,4,1,2,Aggressive
28,143929,10,41676,67420,1,2,1,1,Aggressive
29,179405,10,105519,27622,2,3,3,4,Aggressive
28,126949,14,43456,39564,3,4,3,5,Aggressive
57,165911,18,83517,22146,0,5,1,2,Aggressive
22,188314,3,38873,27580,0,3,2,2,Aggressive
34,140628,13,72366,5601,4,1,3,3,Aggressive
28,170578,15,130061,78956,3,2,5,3,Aggressive
56,197708,3,97366,53162,5,2,5,2,Aggressive
36,152078,7,142420,21632,0,4,5,1,Aggressive
37,130350,18,82743,76644,2,3,2,5,Aggressive
43,154448,4,13710,18523,2,5,4,2,Aggressive
50,150050,20,54381,28852,4,4,5,5,Aggressive
25,20971,10,24563,18349,5,5,4,5,Aggressive
55,158343,18,79193,52078,3,2,5,2,Aggressive
60,41742,13,13077,29947,1,1,3,1,Aggressive
56,132016,1,79455,1728,0,5,5,5,Aggressive
27,104156,6,62430,34209,4,3,1,5,Aggressive
59,159637,13,34823,40388,4,2,4,2,Aggressive
25,146291,19,23106,15701,2,1,5,3,Aggressive
50,93890,11,46147,7893,0,2,2,5,Aggressive
55,59621,5,114734,16343,3,1,2,2,Aggressive
48,123253,2,129734,13025,2,2,2,4,Aggressive
28,182158,3,10162,48075,1,5,3,5,Aggressive
59,173194,4,66354,38985,1,1,3,1,Aggressive
29,130828,10,85883,42380,4,1,2,1,Aggressive
35,125306,15,122458,11471,2,5,2,1,Aggressive
55,104507,2,141892,15230,4,3,5,4,Aggressive
23,72546,8,127367,68227,0,2,5,2,Aggressive
32,84143,3,112987,28634,5,1,5,4,Aggressive
53,73637,4,145160,34095,0,2,3,4,Aggressive
53,140041,18,40881,8851,5,4,5,4,Aggressive
41,181857,7,113423,12044,1,2,1,3,Aggressive
56,146159,13,142949,36611,5,1,1,3,Aggressive
59,61903,5,76499,67165,5,2,5,1,Aggressive
46,90292,10,67714,23488,5,5,3,2,Aggressive
47,30851,8,50923,44115,1,3,4,3,Aggressive
56,112611,5,48827,43804,0,1,1,1,Balanced
46,99868,17,117476,22362,5,4,4,2,Aggressive
26,120903,11,17411,13065,3,5,3,4,Aggressive
29,174750,8,79938,68641,4,3,1,4,Aggressive
51,40103,7,98617,9127,1,1,1,5,Aggressive
48,164067,2,81255,68183,1,1,1,4,Aggressive
51,160705,13,74468,37337,1,1,3,2,Aggressive
32,127117,12,16812,8830,0,3,1,3,Aggressive
30,117452,11,102664,38082,3,2,1,4,Aggressive
42,192640,17,120335,77518,2,2,5,1,Aggressive
45,197794,18,104009,54919,1,2,5,4,Aggressive
38,161947,10,76360,22908,1,2,4,4,Aggressive
45,86193,15,25589,67121,3,1,1,4,Aggressive
44,130750,1,75211,12301,2,1,5,4,Aggressive
23,99149,2,18963,37268,0,4,2,3,Aggressive
31,174578,5,89414,15786,0,1,2,5,Aggressive
42,173423,7,127345,54270,0,2,3,1,Aggressive
60,194859,12,56374,34688,1,1,2,4,Aggressive
32,42542,17,90238,61915,1,3,5,5,Aggressive
52,148159,11,107352,22910,4,5,2,5,Aggressive
31,30437,14,129384,49298,1,5,1,5,Aggressive
43,158741,20,120653,74651,3,1,2,5,Aggressive
39,60536,15,93091,52485,2,1,4,5,Aggressive
31,109230,11,49540,32775,3,2,2,3,Aggressive
22,179554,8,8860,15836,2,2,5,1,Aggressive
41,131227,12,56081,74020,5,2,5,3,Aggressive
60,123992,1,56510,5424,1,4,1,1,Balanced
50,130370,12,54356,52405,3,1,2,5,Aggressive
53,67740,15,29579,47111,0,5,5,2,Aggressive
32,97802,0,100876,32789,4,3,3,4,Aggressive
32,116078,8,109397,28021,1,5,5,2,Aggressive
21,128268,10,20073,43147,2,3,4,2,Aggressive
39,178573,8,94157,65533,4,2,1,5,Aggressive
44,190550,11,46522,38726,5,4,1,3,Aggressive
46,88903,19,130202,52903,5,2,1,4,Aggressive
34,40958,10,59454,43491,5,5,2,1,Aggressive
22,63301,10,48198,64093,0,2,5,2,Aggressive
55,192386,3,49633,26700,1,5,4,4,Aggressive
58,70729,13,117588,71147,5,2,3,4,Aggressive
40,43568,7,17892,46915,4,4,3,2,Aggressive
36,45851,7,32348,73169,2,4,1,5,Balanced
55,185889,14,121629,55779,0,3,3,3,Aggressive
48,63145,18,76879,41661,0,3,3,5,Aggressive
49,24844,14,135391,19577,4,2,2,1,Aggressive
56,81395,17,28633,51733,4,4,2,2,Aggressive
60,38364,6,73225,47760,3,3,3,3,Aggressive
43,130189,16,131157,42653,0,2,5,5,Aggressive
25,120387,16,142889,36693,1,1,1,3,Aggressive
32,111923,5,106676,33938,3,1,4,3,Aggressive
35,44223,13,56395,31413,1,3,1,1,Aggressive
48,94503,2,24291,75190,4,2,1,2,Conservative
29,47001,18,56540,742,1,4,2,2,Aggressive
32,126149,7,31099,7151,5,3,5,5,Aggressive
49,42767,10,57631,6807,1,2,5,1,Aggressive
30,27094,10,77513,73595,4,1,1,1,Aggressive
23,70402,19,145962,64616,4,2,3,5,Aggressive
43,108947,14,28048,39969,0,2,3,5,Aggressive
27,170454,19,78949,70097,0,4,4,1,Aggressive
50,99067,13,8319,61506,2,2,3,4,Aggressive
32,94937,10,126813,27333,2,5,4,4,Aggressive
47,115790,18,80317,36713,0,2,4,1,Aggressive
60,139822,6,52142,48893,5,3,2,1,Aggressive
42,72240,1,58058,2120,5,2,2,2,Aggressive
29,87644,14,44731,46937,3,3,4,5,Aggressive
29,171490,8,48941,12806,5,3,2,1,Aggressive
37,50448,20,145852,13887,1,1,2,3,Aggressive
31,142814,5,38539,57916,0,4,3,1,Aggressive
60,176343,13,16067,74166,2,3,4,2,Aggressive
58,141114,14,104143,41746,3,2,3,2,Aggressive
21,103898,6,117134,8623,3,5,3,5,Aggressive
54,170293,1,47525,70700,2,2,3,3,Balanced
51,20439,8,135581,2723,2,3,3,1,Aggressive
35,109237,5,7404,1709,5,2,3,3,Aggressive
49,138954,17,18749,8249,4,3,3,1,Aggressive
44,192508,19,101079,61186,3,2,4,4,Aggressive
45,172151,14,107028,7744,0,2,3,3,Aggressive
40,102472,11,19574,66406,5,3,1,2,Aggressive
57,69687,8,51014,6113,3,1,2,4,Aggressive
53,90470,11,46333,2913,2,1,2,3,Aggressive
26,185424,17,144430,18117,0,3,3,1,Aggressive
30,107480,12,23549,6551,5,5,3,1,Aggressive
21,28822,7,45752,62414,3,4,4,2,Aggressive
41,169183,3,70790,43854,5,2,3,1,Aggressive
58,107965,10,136560,15425,0,5,4,3,Aggressive
34,47186,3,13187,50352,2,1,4,5,Aggressive
60,90881,9,136982,54415,0,1,4,4,Aggressive
56,187348,12,17713,57816,5,1,3,3,Aggressive
49,126450,1,5642,17994,5,2,2,5,Balanced
52,159942,20,92889,50505,2,2,5,1,Aggressive
21,107513,20,53821,18259,4,3,5,5,Aggressive
57,160775,19,8237,29679,2,1,2,2,Aggressive
34,128415,9,48717,17054,0,2,3,3,Aggressive
56,85950,17,146689,76042,0,5,3,2,Aggressive
22,161944,14,100071,2941,3,5,5,2,Aggressive
31,130618,18,50788,52775,1,3,1,5,Aggressive
21,170690,17,29430,67503,1,3,4,4,Aggressive
53,86096,16,99827,23360,2,5,4,5,Aggressive
28,199566,1,29540,75224,1,5,1,2,Balanced
43,142886,2,58994,42041,1,4,3,5,Aggressive
47,144724,3,127854,77661,2,2,1,5,Aggressive
51,193237,17,121677,6300,2,5,2,1,Aggressive
57,165845,4,84884,27828,4,1,5,4,Aggressive
51,168579,8,37296,11921,0,1,5,2,Aggressive
45,154968,16,119151,11488,3,4,5,4,Aggressive
42,43229,20,147074,43474,5,2,3,4,Aggressive
60,149404,10,133231,19450,2,4,4,5,Aggressive
51,133465,14,16562,59871,5,1,2,5,Aggressive
22,88142,18,10580,16915,4,5,1,3,Aggressive
21,184205,9,92450,60102,4,2,2,1,Aggressive
54,167498,1,13019,52575,1,2,2,3,Aggressive
43,21774,11,52317,65332,2,3,5,4,Aggressive
32,179145,11,43541,58681,4,3,1,3,Aggressive
45,118184,0,39150,7795,4,3,4,5,Aggressive
39,53182,16,82944,75692,3,2,3,5,Aggressive
49,103347,3,5344,10114,0,1,4,4,Aggressive
56,67133,3,133234,39790,1,1,5,1,Aggressive
51,72626,3,52353,19986,5,4,2,3,Aggressive
24,24410,13,43538,48821,0,1,2,3,Aggressive
23,69041,19,104238,69020,4,4,5,4,Aggressive
51,90223,17,120191,24302,5,2,1,1,Aggressive
44,82381,6,107508,68840,0,2,3,4,Aggressive
42,79281,2,35683,45152,0,2,4,3,Aggressive
40,90699,12,50240,47897,3,4,5,3,Aggressive
25,189518,8,108962,78950,1,5,2,1,Aggressive
43,88924,10,80994,31071,3,2,4,1,Aggressive
32,44808,16,35694,61237,2,1,2,3,Aggressive
40,101102,3,85371,1097,4,5,3,5,Aggressive
46,100198,8,29165,9465,0,3,5,3,Aggressive
54,146546,19,5322,16291,4,2,3,1,Aggressive
23,87167,17,65341,12489,4,5,3,4,Aggressive
52,140452,20,20661,43492,1,3,3,2,Aggressive
39,24962,16,112870,39902,5,3,1,5,Aggressive
56,89220,18,145167,42931,0,1,2,5,Aggressive
21,25543,18,12168,1850,1,1,5,1,Aggressive
50,161603,3,114481,16356,2,2,1,2,Aggressive
43,193361,10,142301,9007,1,3,1,2,Aggressive
50,138154,2,44514,77627,4,2,2,3,Aggressive
45,133577,14,84127,68077,2,1,2,2,Aggressive
46,183271,16,67847,62115,4,4,2,4,Aggressive
34,37847,2,93397,77766,1,3,3,2,Aggressive
37,150752,20,99448,67048,1,3,2,2,Aggressive
42,30789,7,74171,57904,4,1,5,2,Aggressive
39,197710,0,21370,62152,5,3,5,1,Aggressive
56,46049,8,111454,26287,5,2,4,3,Aggressive
54,183748,1,30114,11545,5,5,2,3,Aggressive
40,146231,5,13222,50198,1,4,2,1,Balanced
40,50889,15,74194,59551,2,1,1,2,Aggressive
38,119177,3,20567,62540,0,3,4,1,Aggressive
60,183660,6,75127,75358,5,2,2,3,Aggressive
60,130628,15,61592,8552,3,2,1,1,Aggressive
48,168577,14,5429,25044,3,3,5,5,Aggressive
50,50684,10,23816,61431,5,3,2,5,Aggressive
41,78736,8,120906,56274,1,4,3,1,Aggressive
26,27637,11,36521,62768,0,3,5,1,Aggressive
35,179859,15,26151,23963,0,1,2,4,Aggressive
23,102473,8,10904,43045,5,5,1,2,Balanced
38,124589,13,80605,15633,2,5,1,2,Aggressive
42,26741,10,44500,10650,3,1,4,2,Aggressive
55,30199,19,82079,200,3,4,1,2,Aggressive
31,85896,0,35945,30274,1,4,4,4,Aggressive
51,139451,2,94580,62533,1,1,5,2,Aggressive
55,89118,15,19648,55681,4,3,4,4,Aggressive
38,148926,1,85047,77302,4,3,3,1,Aggressive
56,47975,13,137369,60036,1,2,2,5,Aggressive
23,154515,4,41567,17595,2,3,4,4,Aggressive
32,65105,8,90184,38069,3,5,4,1,Aggressive
24,157939,3,129030,32625,5,4,4,1,Aggressive
46,45167,13,75826,65396,5,5,2,3,Aggressive
59,100095,6,60102,15240,3,4,4,3,Aggressive
30,155825,4,15093,76561,2,2,2,2,Aggressive
54,52228,13,126050,18732,5,1,1,2,Aggressive
30,88215,6,57856,17794,2,3,5,5,Aggressive
21,81517,17,136589,15743,3,5,5,1,Aggressive
21,121477,8,88970,13598,1,2,2,5,Aggressive
42,74401,6,33179,55733,5,2,1,5,Aggressive
51,140210,3,141427,78705,0,5,5,4,Aggressive
55,25822,0,125893,23906,2,4,4,1,Aggressive
37,137279,18,121130,34599,1,5,2,4,Aggressive
22,92679,2,36978,45994,5,4,4,2,Aggressive
31,154745,2,32614,68303,2,5,3,5,Aggressive
23,117539,1,121599,49774,4,3,1,2,Aggressive
57,101166,0,52847,54143,3,3,4,2,Aggressive
37,125778,14,56880,15839,4,2,3,2,Aggressive
42,28269,19,28880,20227,3,4,4,5,Aggressive
21,28519,16,33656,27677,0,1,2,2,Aggressive
56,127213,5,104981,48705,4,4,3,1,Aggressive
25,198215,12,19735,39968,0,2,2,4,Aggressive
27,84579,16,34471,74025,0,5,4,2,Aggressive
52,145874,20,123812,3926,3,5,5,1,Aggressive
50,154960,20,47313,57141,5,1,5,5,Aggressive
46,93982,3,147590,61095,0,4,1,2,Balanced
55,87118,12,80203,52952,3,2,5,2,Aggressive
56,174772,6,25259,56085,1,1,1,2,Balanced
34,107449,12,80296,25233,0,1,3,5,Aggressive
30,196746,16,114765,47072,0,1,2,2,Aggressive
27,159283,1,100635,58432,4,1,5,3,Aggressive
59,27381,0,58217,76718,0,5,1,5,Balanced
26,190339,19,65244,66367,4,4,1,3,Aggressive
35,109367,20,103195,51424,2,3,5,5,Aggressive
46,153587,19,89866,72527,1,2,4,5,Aggressive
29,163929,5,47562,37716,0,2,3,3,Aggressive
34,34707,11,75297,38067,5,1,2,2,Aggressive
40,43087,3,128692,15841,4,4,4,5,Aggressive
47,51475,12,119573,62986,2,4,4,5,Aggressive
38,149224,7,144881,27852,2,2,5,3,Aggressive
37,75726,6,110033,27964,0,3,4,5,Aggressive
60,90465,20,10921,24903,0,4,3,5,Aggressive
57,32786,13,37850,44770,0,2,2,3,Aggressive
56,76739,5,108766,44183,2,2,3,3,Aggressive
55,153178,11,11003,5760,3,2,2,2,Aggressive
47,142377,14,46351,77066,3,5,3,4,Aggressive
25,120932,15,130446,32583,3,4,3,4,Aggressive
49,185381,20,101812,10267,4,4,3,1,Aggressive
21,59460,2,73610,72428,2,5,4,2,Aggressive
24,120682,13,106147,36503,4,4,3,2,Aggressive
27,29448,4,42024,52796,2,5,3,1,Balanced
53,24480,6,42970,8107,1,5,1,2,Aggressive
58,29103,11,92038,8817,2,1,1,4,Aggressive
44,83368,17,56749,37676,1,4,2,2,Aggressive
46,70689,5,61641,78547,5,4,2,1,Aggressive
43,78001,1,147477,27886,0,3,3,4,Aggressive
26,57950,16,144673,56559,0,5,4,5,Aggressive
39,129098,6,120776,69254,2,2,1,1,Aggressive
28,127727,2,138846,39765,1,5,4,3,Aggressive
53,61973,9,15391,14957,5,3,3,2,Aggressive
50,88099,3,145247,13890,5,5,5,3,Aggressive
52,91240,6,25704,9470,4,2,5,4,Aggressive
38,87247,14,29028,71610,3,5,1,4,Aggressive
48,97324,7,107393,2364,0,5,4,1,Aggressive
57,75710,0,30264,54973,3,1,1,5,Balanced
50,50295,18,86378,53812,0,3,2,1,Aggressive
49,50450,9,98779,5853,4,1,4,4,Aggressive
58,148463,4,19620,41061,0,5,1,4,Aggressive
36,61035,17,85640,30017,4,1,5,2,Aggressive
59,120336,5,19312,57048,1,3,4,4,Aggressive
50,21665,16,67871,31093,5,2,1,1,Aggressive
23,132266,14,149651,22875,2,4,5,1,Aggressive
34,199698,10,73990,9740,0,1,5,1,Aggressive
26,32427,4,26682,18684,2,2,2,3,Aggressive
60,50427,4,111646,25121,4,3,4,4,Aggressive
48,93363,7,143678,20590,0,4,3,4,Aggressive
32,157599,5,86321,46097,1,5,4,4,Aggressive
24,39861,13,134627,64481,0,5,5,3,Aggressive
56,186016,16,36895,62927,1,3,3,4,Aggressive
52,76768,10,109602,37274,1,1,4,3,Aggressive
57,162341,15,118289,67932,0,4,4,2,Aggressive
32,160536,5,83142,56273,2,1,4,1,Aggressive
45,124614,1,113445,48301,0,5,2,3,Aggressive
21,151138,19,122275,66139,0,4,2,1,Aggressive
43,165208,6,71449,69647,2,5,1,2,Aggressive
34,158299,9,99175,372,2,1,2,2,Aggressive
41,80621,8,44357,23622,0,4,3,5,Aggressive
36,70502,4,20585,48412,2,3,5,2,Aggressive
43,28377,12,75272,48096,4,4,3,2,Aggressive
42,89187,18,103862,53716,1,4,4,5,Aggressive
35,197057,17,7148,6478,5,4,5,2,Aggressive
42,170554,7,100355,19110,1,5,3,5,Aggressive
59,29010,6,5672,6258,0,3,2,1,Balanced
35,164178,12,98119,25454,2,5,2,4,Aggressive
45,188590,12,142708,34684,5,3,1,1,Aggressive
53,106555,10,39928,45332,4,2,4,3,Aggressive
25,142686,4,120818,60086,3,2,5,2,Aggressive
47,117260,8,98625,50963,5,5,3,4,Aggressive
32,140787,18,19113,2077,5,4,2,2,Aggressive
28,83859,7,102268,23729,4,3,1,2,Aggressive
50,39464,8,120451,24309,3,5,1,4,Aggressive
35,46079,12,100006,14226,5,1,4,4,Aggressive
39,142254,0,138612,59874,1,5,2,3,Aggressive
45,170157,10,78226,1247,1,3,1,3,Aggressive
51,108209,14,26505,2375,5,2,2,2,Aggressive
30,47075,20,111062,73799,2,3,3,4,Aggressive
55,41316,16,108773,42916,0,4,3,4,Aggressive
57,56507,5,114717,23577,2,3,5,2,Aggressive
23,94513,0,110224,51011,5,5,3,1,Aggressive
39,71450,13,25192,78026,5,3,4,4,Aggressive
49,149715,9,24124,73799,1,3,4,3,Aggressive
55,190413,8,86986,27231,0,5,5,4,Aggressive
59,106389,0,73618,64397,5,4,3,4,Aggressive
49,143437,1,37804,17782,3,1,5,5,Aggressive
58,54846,19,65354,24875,5,5,1,1,Aggressive
47,99989,6,13645,60067,2,1,4,1,Aggressive
24,185554,19,37772,14017,1,2,2,3,Aggressive
33,94485,1,37394,53603,2,3,2,4,Balanced
49,196278,20,46884,41450,5,3,3,2,Aggressive
39,105227,7,88415,26883,4,5,5,1,Aggressive
28,60130,15,31297,30945,3,4,3,5,Aggressive
23,173769,14,70343,52667,4,1,4,4,Aggressive
24,193392,0,57551,54121,4,5,1,2,Balanced
49,197647,20,129710,53091,0,2,2,5,Aggressive
57,125961,8,62746,59648,4,1,3,2,Aggressive
39,63834,20,91766,48408,1,3,5,3,Aggressive
37,118299,19,75648,63148,4,2,3,2,Aggressive
28,57113,3,24945,39256,2,1,4,4,Aggressive
21,102650,14,107599,68121,2,2,1,1,Aggressive
46,39844,6,145772,29202,1,1,3,3,Aggressive
34,41619,20,142561,26357,0,1,5,3,Aggressive
51,134396,13,50436,38180,5,1,4,4,Aggressive
50,123555,7,9410,35179,4,2,5,2,Aggressive
22,28471,19,9162,15477,5,3,3,4,Aggressive
39,123111,17,61439,38944,5,5,4,1,Aggressive
55,87562,0,37678,26351,0,1,1,2,Balanced
39,190129,5,72697,54649,1,2,3,5,Aggressive
53,63082,8,41920,23960,3,1,2,1,Aggressive
38,51032,15,32581,28887,2,1,1,2,Aggressive
26,67904,1,78690,12629,3,5,1,3,Aggressive
59,30109,1,122999,22686,3,3,1,2,Balanced
38,153054,2,35872,72217,3,4,2,2,Aggressive
60,166862,18,97357,78317,5,2,3,2,Aggressive
25,170663,10,130910,72261,1,3,1,3,Aggressive
56,45122,4,76321,23543,5,2,1,5,Aggressive
36,46050,3,15268,64870,2,5,2,4,Balanced
34,181471,5,44735,19517,0,5,1,3,Aggressive
23,27062,8,81705,54530,3,1,2,1,Aggressive
58,194244,9,57850,74112,1,1,2,1,Aggressive
42,137352,1,56710,13261,2,5,5,1,Aggressive
28,198464,1,22313,1667,0,1,1,1,Balanced
33,32123,13,18365,1427,2,4,4,3,Aggressive
40,30399,8,136386,3678,4,5,1,4,Aggressive
41,173825,20,27034,70790,3,2,3,4,Aggressive
21,197104,6,52587,71599,2,5,2,1,Aggressive
47,142153,19,34043,26128,3,4,1,5,Aggressive
33,190127,3,126846,78400,3,3,5,2,Aggressive
36,137685,7,89296,30918,3,1,2,4,Aggressive
21,193383,0,15235,35413,4,4,3,4,Balanced
34,190849,10,103673,19947,1,5,2,3,Aggressive
39,48113,2,115055,63743,0,4,5,5,Aggressive
57,69343,20,13821,67773,4,2,5,1,Aggressive
42,105507,8,8981,29304,2,2,4,5,Aggressive
38,186403,16,76737,77517,3,2,3,3,Aggressive
41,168466,5,33062,62480,1,5,3,3,Aggressive
22,120031,1,83122,5271,0,5,3,5,Aggressive
31,155536,11,126799,14381,3,1,3,5,Aggressive
59,64880,10,125089,57323,1,3,2,1,Aggressive
42,173853,4,134281,4206,4,5,2,3,Aggressive
31,174646,8,128408,13610,3,4,2,3,Aggressive
21,69035,9,113948,42223,1,5,2,3,Aggressive
43,58068,13,22145,61621,0,4,2,2,Aggressive
32,106046,7,48406,26879,2,2,4,3,Aggressive
47,184645,9,69249,52593,1,1,5,1,Aggressive
41,87353,1,148578,38308,5,2,1,1,Balanced
22,24400,11,118303,46865,1,2,2,2,Aggressive
43,191786,20,34396,41645,1,4,1,3,Aggressive
46,64722,2,18517,54092,5,5,3,1,Balanced
22,96420,9,14927,20195,2,3,2,1,Aggressive
35,56864,13,132053,52493,3,5,5,2,Aggressive
30,28285,17,148677,70451,3,1,3,2,Aggressive
40,94418,13,102824,32516,3,5,1,2,Aggressive
30,45237,13,22314,77641,3,5,5,4,Aggressive
40,161188,1,120217,44444,1,1,2,3,Aggressive
35,109560,19,70161,78787,2,1,1,5,Aggressive
48,153546,17,33793,8254,4,2,4,2,Aggressive
31,40288,19,77562,61726,3,3,2,3,Aggressive
47,75278,1,35116,18601,5,1,1,1,Balanced
30,48634,6,47754,5110,2,1,4,2,Aggressive
36,107923,3,16582,50559,2,1,4,1,Balanced
22,68134,4,77274,46037,5,4,3,4,Aggressive
37,195925,9,109018,70749,1,4,1,3,Aggressive
38,26581,20,61980,74018,0,2,3,2,Aggressive
53,193593,10,120661,26096,0,5,2,2,Aggressive
58,31587,6,109850,49824,3,2,1,2,Aggressive
21,185573,8,136229,52491,5,2,3,3,Aggressive
40,86539,14,114348,57801,4,2,3,5,Aggressive
29,137533,16,38537,48675,0,3,2,3,Aggressive
47,188841,9,34411,56896,2,2,3,4,Aggressive
26,50535,19,19598,61267,1,3,5,2,Aggressive
53,169115,14,143474,51158,5,2,5,3,Aggressive
36,40132,8,79380,44738,2,4,2,5,Aggressive
60,53343,2,73248,24542,3,4,3,5,Aggressive
50,88631,10,13094,69770,2,5,4,1,Aggressive
60,39671,17,113339,24659,3,4,5,5,Aggressive
59,120580,11,94009,50977,0,2,3,5,Aggressive
52,26104,0,35156,6156,3,3,2,3,Balanced
49,33023,8,57785,36849,3,2,5,2,Aggressive
59,63015,13,131764,49600,2,4,1,5,Aggressive
43,170109,14,130883,7479,0,2,5,4,Aggressive
52,41077,11,95190,57513,4,4,5,5,Aggressive
46,73463,4,10560,343,1,4,2,4,Aggressive
60,71987,12,35706,78687,5,1,4,5,Aggressive
39,96539,0,56972,52233,0,1,2,5,Aggressive
60,112818,1,25847,512,4,2,4,1,Balanced
48,22417,20,78357,11033,2,5,5,1,Aggressive
58,126201,0,25397,75740,4,5,1,5,Balanced
44,131615,20,142212,8560,5,5,4,2,Aggressive
32,175774,1,73330,31369,1,5,3,2,Aggressive
59,116918,4,100132,43711,0,4,3,3,Aggressive
44,27619,19,58365,36074,5,2,1,2,Aggressive
53,74874,6,89406,64957,3,3,4,1,Aggressive
54,53417,11,82170,66901,5,4,1,1,Aggressive
22,177862,18,65100,5689,5,2,5,4,Aggressive
57,171722,11,75029,3944,0,5,1,2,Aggressive
56,146453,19,57860,65491,4,4,4,4,Aggressive
54,112517,0,57887,21690,5,4,4,2,Aggressive
47,155968,10,56017,54864,1,1,2,2,Aggressive
41,98148,14,140938,65040,4,3,4,2,Aggressive
30,194108,0,58427,2123,2,2,2,2,Aggressive
44,151748,18,114075,63297,5,4,5,1,Aggressive
59,158545,12,32985,69408,2,1,2,1,Aggressive
45,33568,11,121844,34374,2,2,1,2,Aggressive
42,57554,7,125158,44941,0,3,2,2,Aggressive
58,20623,15,92118,12674,1,3,1,1,Aggressive
46,152125,6,36706,3608,2,1,1,1,Aggressive
42,116940,13,145020,71709,5,5,5,1,Aggressive
30,184436,2,52738,3591,4,3,4,2,Aggressive
31,65320,16,49548,31574,0,2,5,3,Aggressive
51,141504,18,79945,18157,5,2,5,4,Aggressive
51,95348,6,105061,77223,1,3,4,1,Aggressive
39,160910,15,98666,44211,1,2,3,1,Aggressive
59,91619,4,66763,16753,5,5,2,5,Aggressive
41,100086,16,52895,27332,4,2,2,2,Aggressive
58,105749,16,99831,14830,0,2,1,4,Aggressive
31,192865,11,90808,10043,2,1,5,1,Aggressive
21,181444,0,41770,53546,5,2,5,3,Aggressive
36,190217,4,86775,50659,4,2,5,3,Aggressive
28,47604,6,140489,56552,0,3,5,3,Aggressive
23,177936,12,35146,33564,3,2,3,1,Aggressive
25,109834,5,55542,1374,4,3,4,2,Aggressive
27,98987,7,61790,9387,1,5,2,2,Aggressive
43,199154,11,69385,13457,1,2,4,3,Aggressive
29,95205,13,7928,1677,3,5,3,4,Aggressive
27,198267,18,137578,49024,0,3,5,5,Aggressive
29,194157,12,30231,21909,4,1,4,3,Aggressive
52,28598,19,72977,17888,4,3,4,4,Aggressive
42,196377,15,20729,71013,1,1,4,2,Aggressive
27,35622,11,38291,45154,2,5,1,2,Aggressive
60,52242,20,78546,11299,2,2,4,4,Aggressive
51,57157,18,138773,18302,2,4,4,4,Aggressive
27,66889,8,108280,20508,5,5,4,3,Aggressive
52,41292,2,49062,58083,1,1,2,1,Balanced
52,127778,0,111774,65905,4,3,2,2,Balanced
41,138515,12,14053,16605,0,3,1,4,Aggressive
22,166771,18,31310,79422,2,1,3,3,Aggressive
58,66078,20,17964,16547,4,3,2,3,Aggressive
22,112906,8,56970,35586,4,4,5,3,Aggressive
49,125390,12,111748,21363,5,4,5,2,Aggressive
30,76568,7,91396,68886,2,4,4,2,Aggressive
24,152342,18,121845,78477,5,5,4,3,Aggressive
35,111562,5,14749,76877,1,4,5,2,Aggressive
28,61094,9,57818,3177,2,5,5,1,Aggressive
35,71858,3,25198,47181,3,5,1,1,Balanced
52,35485,1,135085,32527,0,4,1,5,Aggressive
43,74036,8,116319,15919,5,2,4,1,Aggressive
34,125937,6,122186,11046,5,2,2,2,Aggressive
56,187204,2,53254,30225,5,3,4,2,Aggressive
47,99363,13,88998,30982,0,4,2,3,Aggressive
57,184129,19,134323,59161,0,4,2,2,Aggressive
52,126333,3,42755,1274,4,1,1,1,Balanced
54,81215,0,27406,11379,3,3,4,2,Balanced
50,197392,6,103444,63962,3,3,2,4,Aggressive
45,59913,10,21614,6427,1,3,1,1,Aggressive
23,116183,10,113116,18992,4,2,3,2,Aggressive
53,159099,13,65214,936,5,4,5,1,Aggressive
32,31991,16,44860,6439,1,2,4,1,Aggressive
59,86027,20,53379,34544,2,1,1,5,Aggressive
28,180119,4,28705,49471,4,5,5,4,Aggressive
47,133294,3,20204,72712,3,1,4,4,Aggressive
51,99155,17,106843,34092,2,1,4,3,Aggressive
43,56730,18,114730,3050,0,2,4,4,Aggressive
34,59868,20,64969,57111,3,3,5,4,Aggressive
23,176130,4,26807,40578,0,3,2,2,Aggressive
57,49059,5,72221,35549,4,1,5,1,Aggressive
36,163039,9,37843,4907,1,3,2,5,Aggressive
33,199435,9,15645,62521,2,4,5,2,Aggressive
28,111659,16,34683,37676,2,4,5,5,Aggressive
22,111261,18,113940,58498,4,2,4,2,Aggressive
21,157047,13,62288,25993,5,4,3,2,Aggressive
50,23586,18,16024,63201,4,4,1,5,Aggressive
29,106084,19,60744,695,1,4,2,4,Aggressive
28,44521,17,111938,39457,2,2,1,1,Aggressive
42,169747,20,129176,38681,5,2,4,3,Aggressive
29,168017,13,11541,43081,0,2,2,3,Aggressive
49,78388,3,14484,8656,5,1,5,3,Aggressive
43,129591,10,91139,73152,2,1,3,3,Aggressive
39,100230,12,10115,3516,5,1,2,3,Aggressive
30,112691,14,128829,29608,0,4,2,1,Aggressive
40,143708,17,122277,43241,2,4,1,4,Aggressive
21,149933,5,118805,2129,1,3,5,1,Aggressive
42,84678,19,140836,36696,3,5,1,1,Aggressive
51,125069,10,25606,57054,1,2,5,5,Aggressive
38,157579,7,84997,64046,1,3,2,4,Aggressive
51,65221,13,111931,71480,3,3,3,5,Aggressive
50,166774,8,134903,78911,5,1,3,1,Aggressive
51,176737,13,29495,59444,0,3,2,2,Aggressive
44,47139,15,130571,683,3,3,5,1,Aggressive
54,167545,11,109983,38344,3,4,2,5,Aggressive
55,59380,19,115558,68228,1,2,4,3,Aggressive
28,102424,19,61788,5816,5,4,2,1,Aggressive
34,199836,11,120049,9915,2,5,1,4,Aggressive
48,190890,12,85475,71099,5,4,3,2,Aggressive
47,176153,3,15538,71772,2,4,5,2,Aggressive
33,107715,8,52185,3750,5,5,1,2,Aggressive
40,109128,0,86611,9065,5,4,3,1,Aggressive
36,47199,6,146436,61435,3,1,1,3,Aggressive
39,152857,9,92887,33407,1,2,5,2,Aggressive
33,150789,5,79586,19232,1,5,1,4,Aggressive
34,101207,2,42667,39341,3,3,1,3,Balanced
46,73638,9,28064,9885,0,2,3,1,Aggressive
34,98164,19,35262,67832,2,2,2,1,Aggressive
23,71962,6,73314,2226,5,4,2,5,Aggressive
60,148351,11,100427,36460,0,5,2,2,Aggressive
54,44161,6,122808,50491,5,1,5,5,Aggressive
37,122785,0,22970,63472,3,5,4,1,Balanced
28,77935,3,90270,46794,4,4,5,2,Aggressive
27,146005,20,147919,25623,3,4,1,3,Aggressive
22,143504,10,59035,70945,0,5,5,3,Aggressive
45,165536,14,105504,22390,0,1,4,3,Aggressive
23,63727,8,107424,7921,0,1,2,5,Aggressive
43,71696,16,128698,9548,3,4,1,4,Aggressive
34,111406,9,114117,29122,0,1,3,4,Aggressive
57,76590,19,145121,34347,3,2,4,4,Aggressive
35,188435,16,99945,37124,0,2,3,3,Aggressive
22,118999,0,75840,67074,1,1,3,4,Aggressive
29,132234,11,36170,24040,1,3,2,2,Aggressive
43,168733,2,30209,8252,2,3,1,1,Aggressive
60,158222,11,88658,39336,1,4,3,2,Aggressive
41,97240,1,80842,32704,4,5,5,5,Aggressive
33,183227,11,86251,60511,2,1,2,4,Aggressive
58,92014,14,26946,44985,2,1,3,1,Aggressive
46,161181,13,57614,5563,2,5,4,1,Aggressive
58,99379,6,73955,36000,2,2,1,1,Balanced
29,33540,3,89603,79532,2,2,4,2,Aggressive
48,192694,11,146348,3383,5,3,5,4,Aggressive
22,127805,7,95865,21889,3,1,1,1,Aggressive
34,193471,14,52119,42487,5,5,1,2,Aggressive
50,165135,16,103169,13974,5,2,5,3,Aggressive
39,36313,5,80180,74039,5,3,2,4,Aggressive
49,99297,2,102813,19800,1,3,3,2,Aggressive
52,115162,14,54768,30123,3,4,3,5,Aggressive
43,169945,14,66448,9995,2,1,5,1,Aggressive
55,23225,15,101055,37777,0,1,5,3,Aggressive
47,152129,3,95672,24226,0,3,2,4,Aggressive
45,27240,7,58981,71895,1,5,1,1,Balanced
43,99750,17,87806,7502,4,3,4,5,Aggressive
44,188197,15,104295,7747,5,3,5,1,Aggressive
35,21707,19,16647,20299,0,3,3,5,Aggressive
44,25332,3,100891,15687,0,2,1,1,Balanced
55,57746,0,114248,20742,0,4,1,1,Balanced
31,170216,14,59211,40313,4,5,4,1,Aggressive
21,167852,13,124616,16298,2,3,3,5,Aggressive
31,62741,11,106132,62664,4,1,4,2,Aggressive
47,143105,14,122577,30804,0,3,2,1,Aggressive
33,148232,8,116962,44998,2,2,3,4,Aggressive
49,31562,17,89185,37410,3,3,5,3,Aggressive
41,116644,2,126806,27277,0,5,5,1,Aggressive
58,112736,13,39155,57011,0,2,5,2,Aggressive
44,70478,19,44520,44329,2,5,2,5,Aggressive
24,110977,6,26642,33565,2,4,5,4,Aggressive
59,138760,3,52968,20841,0,4,3,4,Aggressive
25,61856,20,21184,68798,5,5,4,5,Aggressive
47,104055,18,125811,55064,2,2,3,4,Aggressive
27,172700,9,129585,25559,4,1,4,4,Aggressive
34,38698,15,84271,32014,5,5,5,4,Aggressive
47,61512,7,129658,39276,1,1,5,2,Aggressive
33,182393,5,121823,35371,2,4,2,2,Aggressive
32,133121,1,110466,78652,4,2,4,2,Aggressive
30,64819,8,110054,19354,0,4,5,3,Aggressive
49,23935,9,117530,53696,5,4,4,2,Aggressive
42,171638,14,139293,26489,3,5,4,5,Aggressive
39,111941,14,135305,6062,3,1,1,4,Aggressive
55,157045,9,26724,8998,1,1,4,2,Aggressive
22,170255,16,38721,18554,0,4,5,4,Aggressive
33,158920,18,100836,5270,2,4,1,3,Aggressive
28,52369,11,98901,17500,5,5,5,3,Aggressive
34,82420,15,106226,15172,2,5,1,5,Aggressive
35,65242,20,34769,79815,5,1,1,2,Aggressive
60,81642,15,136470,77225,2,1,1,4,Aggressive
26,50769,17,29878,47643,5,2,4,3,Aggressive
59,141324,20,110268,10889,3,5,2,2,Aggressive
52,165300,18,108661,71349,5,4,1,4,Aggressive
41,85103,11,67907,40418,2,1,1,3,Aggressive
54,36301,2,122152,66197,4,5,1,3,Aggressive
37,42489,20,20732,41001,3,4,4,5,Aggressive
34,97925,11,28498,30947,4,3,1,1,Aggressive
30,165360,4,77450,71992,0,5,1,3,Aggressive
56,68602,1,143115,75276,1,5,2,4,Aggressive
54,91029,13,112795,25610,1,5,2,4,Aggressive
40,69812,15,48031,26045,2,5,1,3,Aggressive
56,105266,10,100279,16833,4,1,2,2,Aggressive
29,170969,6,80384,26618,5,2,2,1,Aggressive
33,86660,16,38494,13257,4,1,5,1,Aggressive
32,91238,16,96959,63467,2,2,1,4,Aggressive
52,49812,11,48217,1180,4,1,5,5,Aggressive
51,190044,16,111616,54413,1,5,5,3,Aggressive
37,136574,1,127554,46557,2,4,3,5,Aggressive
42,176553,1,105076,8290,5,5,5,3,Aggressive
33,78733,9,67312,33878,2,3,2,5,Aggressive
48,194405,4,7088,36669,2,5,3,3,Aggressive
36,49624,4,30231,3672,3,5,1,1,Balanced
40,87422,1,144213,18248,1,1,2,1,Aggressive
24,52489,18,96104,1064,5,2,3,4,Aggressive
38,123016,17,70575,74153,2,1,1,4,Aggressive
47,30519,13,38272,61537,3,2,5,1,Aggressive
30,166046,0,136668,44535,1,3,3,1,Aggressive
25,62444,20,88634,1658,4,2,3,3,Aggressive
27,54968,10,138343,36131,1,5,1,2,Aggressive
60,160074,1,34563,26018,3,3,2,1,Balanced
57,178189,9,42967,7766,2,4,5,3,Aggressive
56,139788,20,54790,37449,4,3,4,4,Aggressive
54,103454,5,62554,20602,1,3,1,1,Balanced
35,20115,5,31027,60215,0,5,4,4,Aggressive
32,192663,12,38971,27243,5,3,1,1,Aggressive
40,126033,15,136957,78648,0,1,3,1,Aggressive
24,173589,5,7410,38477,1,2,5,2,Aggressive
49,56529,0,12806,29849,2,5,3,3,Balanced
48,86368,1,145583,6,5,4,5,3,Aggressive
40,161568,0,23709,29114,5,2,4,4,Aggressive
27,161300,9,26913,59318,0,3,4,3,Aggressive
44,129272,14,88850,30432,0,2,4,3,Aggressive
35,167097,3,121908,55460,0,1,1,2,Aggressive
38,162714,1,13448,57712,4,4,5,5,Aggressive
27,147980,0,125917,45803,1,5,2,4,Aggressive
34,53958,16,130687,32133,2,5,2,3,Aggressive
22,178461,2,53414,61206,5,1,5,4,Aggressive
25,136942,13,112807,39995,2,4,5,5,Aggressive
21,57444,17,126088,69137,4,2,4,3,Aggressive
35,189968,10,139970,61526,3,3,1,2,Aggressive
53,155745,16,7219,9272,5,3,3,3,Aggressive
22,97088,11,80742,73219,2,4,3,3,Aggressive
30,162771,14,148861,33232,0,4,5,2,Aggressive
26,45533,9,12086,26630,1,2,1,5,Aggressive
42,172362,15,22736,62257,2,1,4,4,Aggressive
59,128492,18,54781,36040,4,4,4,3,Aggressive
22,129182,19,47998,33802,3,1,1,4,Aggressive
21,46953,3,67067,35159,4,2,5,3,Aggressive
28,89565,0,64871,65861,4,4,4,1,Aggressive
30,180909,2,97237,52493,3,3,2,5,Aggressive
36,154408,16,16522,17464,4,3,3,5,Aggressive
29,157971,9,43404,123,3,4,3,4,Aggressive
32,103720,20,21237,55979,4,1,1,5,Aggressive
40,185437,16,38258,33503,5,2,5,2,Aggressive
40,67806,2,118747,15685,2,2,4,2,Aggressive
31,45177,14,132691,30355,2,5,4,5,Aggressive
30,77394,11,120331,1539,1,3,4,1,Aggressive
48,113840,7,23654,52041,2,2,1,3,Balanced
49,159270,20,115181,7227,0,1,3,4,Aggressive
52,105221,10,80000,3613,4,5,4,1,Aggressive
49,100130,13,74187,5909,4,1,4,5,Aggressive
29,168687,13,7200,52358,0,2,4,4,Aggressive
33,69118,7,125920,72006,3,3,1,2,Aggressive
23,194960,4,44385,14336,5,4,4,3,Aggressive
41,77124,14,10058,49937,1,4,5,4,Aggressive
60,150917,3,46023,51253,5,3,4,3,Aggressive
21,81442,19,128595,56940,2,3,5,2,Aggressive
33,92383,19,14358,40135,1,5,5,2,Aggressive
25,91467,1,126481,52499,4,3,5,4,Aggressive
54,141077,12,80947,69836,4,4,1,1,Aggressive
28,184401,18,22721,7660,1,1,3,3,Aggressive
60,121915,19,49908,70087,1,2,1,4,Aggressive
21,65215,11,54944,7952,1,4,2,1,Aggressive
21,56547,16,40538,4300,0,3,4,4,Aggressive
38,29416,11,60086,64408,0,1,4,3,Aggressive
48,41320,18,49529,51180,3,2,2,4,Aggressive
45,135250,12,95708,10865,0,5,5,1,Aggressive
39,196843,15,147479,78305,4,1,4,2,Aggressive
47,30389,14,74363,45185,2,5,5,4,Aggressive
45,23951,0,95038,73091,0,5,4,2,Aggressive
56,114137,3,9269,15915,4,4,3,2,Balanced
22,125064,9,147508,64524,4,1,3,5,Aggressive
43,41131,11,82196,62164,1,4,5,2,Aggressive
58,141752,15,63312,6164,3,4,4,3,Aggressive
41,91375,9,47977,62202,0,4,5,1,Aggressive
57,22061,9,102466,73291,0,4,2,5,Aggressive
26,143932,19,47825,6677,0,5,3,2,Aggressive
40,194804,20,111831,39888,4,2,4,3,Aggressive
57,99665,2,128784,50205,1,1,1,4,Aggressive
46,32692,1,23050,76253,4,1,1,5,Balanced
49,110153,5,49404,65680,2,3,3,2,Aggressive
49,169500,7,105399,8055,4,1,3,1,Aggressive
21,21362,6,149777,66699,1,2,5,2,Aggressive
42,59889,6,38697,79170,5,1,2,5,Aggressive
37,42520,8,116009,68572,5,5,2,5,Aggressive
46,166259,13,30415,21924,2,1,5,3,Aggressive
41,195752,19,128840,24272,2,1,4,4,Aggressive
36,29387,1,41781,63232,1,3,1,2,Balanced
38,169195,2,21481,66325,1,5,4,1,Aggressive
41,160624,10,100015,61547,3,5,5,2,Aggressive
21,51448,15,133981,29856,4,2,3,1,Aggressive
59,114000,3,111739,55663,1,3,2,3,Aggressive
59,87561,15,144532,43702,4,3,4,1,Aggressive
59,186364,11,23333,37942,0,5,2,3,Aggressive
29,192266,7,147511,32921,5,3,3,2,Aggressive
40,158178,13,145376,60160,2,3,3,4,Aggressive
32,47321,7,64834,38144,2,1,1,5,Aggressive
50,91556,5,80212,5503,5,3,1,2,Aggressive
50,89985,1,30756,24928,2,2,1,1,Conservative
36,25655,2,131100,16379,3,2,4,3,Aggressive
57,102170,16,84657,59915,2,5,1,4,Aggressive
24,93695,9,117365,44665,3,1,1,3,Aggressive
26,188932,7,90431,52331,1,1,4,3,Aggressive
25,167037,14,42094,53408,0,5,2,5,Aggressive
51,144723,12,36365,18780,1,4,5,4,Aggressive
46,49228,12,61698,20942,3,1,1,4,Aggressive
47,52371,3,145994,30379,0,4,3,1,Aggressive
28,98656,1,81148,34992,2,2,3,2,Aggressive
52,81885,11,145334,62837,2,1,4,1,Aggressive
53,105615,6,116867,72671,5,2,2,4,Aggressive
27,98394,8,134860,71321,0,3,4,3,Aggressive
32,126264,8,65012,34038,2,4,5,5,Aggressive
60,23625,6,26041,46487,2,5,4,2,Aggressive
49,167324,12,113768,29649,4,5,5,4,Aggressive
50,42336,18,9250,71376,3,1,5,2,Aggressive
43,127073,2,113521,76217,4,4,1,2,Aggressive
24,68638,1,77170,41428,2,5,3,3,Aggressive
40,91176,4,74441,53006,4,5,2,1,Aggressive
32,133559,1,54398,11776,2,1,4,1,Aggressive
60,115850,0,67156,14054,4,1,5,1,Aggressive
43,142736,5,126100,4156,1,1,5,4,Aggressive
36,153264,18,47525,23561,5,5,4,3,Aggressive
21,46258,3,83835,44400,4,4,3,3,Aggressive
39,156267,17,18697,40066,5,5,1,2,Aggressive
51,188933,2,10225,21396,3,5,5,1,Aggressive
30,83056,9,136848,32084,5,3,2,5,Aggressive
38,172517,9,95655,77239,3,5,5,5,Aggressive
22,147167,16,87890,43304,4,3,4,1,Aggressive
60,79234,3,119747,20528,0,4,2,1,Aggressive
55,39141,16,46289,33586,2,4,2,5,Aggressive
47,174049,7,138871,6614,5,3,4,4,Aggressive
35,195173,18,141781,48105,1,4,3,5,Aggressive
59,103936,0,78141,10729,1,1,5,1,Aggressive
38,115656,4,147793,57190,1,3,4,3,Aggressive
22,182916,17,129043,26198,0,1,4,3,Aggressive
23,83813,16,23387,24800,0,4,2,5,Aggressive
52,123514,7,110683,78871,1,5,1,3,Aggressive
59,73715,16,116950,62570,3,2,4,4,Aggressive
32,190269,6,114262,24801,1,5,5,5,Aggressive
44,20727,3,118229,43894,2,4,4,5,Aggressive
60,68797,0,129806,64792,5,2,2,2,Aggressive
22,53420,18,127825,44297,0,4,4,2,Aggressive
51,22688,18,70055,42379,0,4,1,5,Aggressive
46,99709,17,17502,45713,3,1,5,1,Aggressive
45,174990,3,140372,47561,2,5,2,5,Aggressive
33,32764,17,140249,16846,1,1,3,3,Aggressive
24,42000,1,113297,38716,3,4,3,3,Aggressive
58,96774,8,55749,54223,5,3,4,2,Aggressive
43,144599,20,81251,42228,2,1,4,1,Aggressive
57,190054,11,58380,17306,0,5,3,4,Aggressive
38,75581,0,23773,46408,4,3,5,4,Aggressive
41,70660,17,59539,32956,0,2,3,1,Aggressive
52,31795,13,79003,33986,5,5,2,5,Aggressive
43,190853,19,91750,60392,1,4,3,4,Aggressive
35,125466,15,45855,9704,5,4,3,4,Aggressive
57,64759,20,96116,75817,5,2,5,5,Aggressive
26,115451,9,54543,9211,2,2,2,3,Aggressive
37,40827,9,34553,49783,5,5,5,4,Aggressive
35,26323,8,89414,69843,2,1,4,3,Aggressive
34,199487,16,48489,73798,5,3,1,1,Aggressive
47,148864,16,127119,15689,2,4,4,2,Aggressive
33,73992,0,56065,33673,3,2,5,3,Aggressive
39,111221,5,32075,67027,3,3,5,5,Aggressive
60,70339,6,122532,44443,4,3,3,4,Aggressive
57,172865,3,89988,75102,4,4,2,5,Aggressive
54,57465,10,58330,63145,4,5,5,3,Aggressive
41,132074,12,78214,70222,5,1,3,5,Aggressive
55,113825,1,85928,5809,0,4,3,4,Aggressive
57,185781,1,77725,40627,1,5,3,2,Aggressive
54,194564,16,46860,9464,2,2,4,2,Aggressive
44,130976,1,46335,28733,1,3,1,2,Balanced
57,133296,5,69213,48249,4,1,1,2,Balanced
30,153874,18,38658,63669,0,4,3,4,Aggressive
60,53401,5,125751,30922,5,5,3,5,Aggressive
58,42941,14,44950,50052,4,1,1,2,Aggressive
31,150358,10,22257,22040,3,4,2,5,Aggressive
52,49162,8,19766,68995,0,1,1,4,Aggressive
59,26978,1,54728,26379,1,4,4,4,Aggressive
25,198873,18,148965,19272,1,3,4,3,Aggressive
50,83158,14,95086,8685,2,4,1,3,Aggressive
51,49808,9,20545,38911,5,2,1,5,Aggressive
38,149660,11,58487,22381,0,1,5,3,Aggressive
32,144107,1,75751,48513,0,5,3,3,Aggressive
22,54761,10,61993,55266,5,2,3,5,Aggressive
33,110058,16,29631,74580,2,1,4,3,Aggressive
33,76918,15,13682,1294,3,3,4,3,Aggressive
24,105838,20,89470,72466,2,4,3,3,Aggressive
30,79738,2,40998,5661,4,1,4,4,Aggressive
23,64984,15,27087,19019,1,5,4,5,Aggressive
57,197801,2,135573,70574,3,4,3,2,Aggressive
42,71217,12,31100,56273,3,5,5,4,Aggressive
34,130219,3,107431,7195,4,5,2,4,Aggressive
27,50927,8,114358,35454,3,5,3,3,Aggressive
35,38385,4,123131,36213,2,5,2,5,Aggressive
55,20910,5,147896,76400,1,1,5,2,Aggressive
44,72962,10,143041,64947,1,1,1,3,Aggressive
26,29888,2,73933,29591,4,3,4,2,Aggressive
44,156387,12,63896,75144,5,4,2,1,Aggressive
42,72393,9,80875,3445,5,3,2,5,Aggressive
40,171984,19,137626,42767,0,1,2,2,Aggressive
22,150564,5,23749,32463,4,2,2,4,Aggressive
24,62358,8,7924,30926,0,5,5,2,Aggressive
55,188014,18,23074,12611,3,1,2,3,Aggressive
58,175097,10,146792,44103,5,3,1,2,Aggressive
44,97432,3,131153,73595,1,2,1,5,Aggressive
39,161998,11,123913,51779,1,1,5,1,Aggressive
52,31960,18,51502,13553,3,2,2,1,Aggressive
24,50954,11,81259,9095,2,3,4,5,Aggressive
42,132164,18,137236,77109,5,4,3,4,Aggressive
59,170974,15,145278,73283,4,5,1,4,Aggressive
38,169782,17,46861,67796,2,1,4,1,Aggressive
44,155519,7,118729,72806,0,4,1,4,Aggressive
41,104256,6,19368,71563,5,5,4,4,Aggressive
24,150259,20,138969,5014,1,1,3,3,Aggressive
23,110893,18,38103,66964,2,5,5,4,Aggressive
59,39773,19,13065,42813,4,4,2,3,Aggressive
59,73673,1,67717,67545,3,3,2,5,Aggressive
50,111233,20,44563,51546,3,4,4,1,Aggressive
35,29178,6,53107,41326,1,2,4,3,Aggressive
28,20679,0,5042,39543,0,3,2,5,Balanced
39,113225,5,70760,44808,3,2,5,3,Aggressive
24,165666,18,75061,13947,3,5,5,2,Aggressive
37,113133,4,70533,56071,3,4,5,1,Aggressive
29,64836,4,39064,42578,4,4,5,4,Aggressive
40,34433,12,94629,67395,3,5,4,5,Aggressive
55,46054,5,29428,24417,0,1,1,5,Balanced
38,131404,4,76417,23565,1,1,2,5,Aggressive
47,179676,2,16935,22677,0,1,5,3,Aggressive
48,76330,10,45976,71307,2,5,5,2,Aggressive
53,128642,17,89852,4706,0,4,3,3,Aggressive
32,100886,5,34937,65234,1,5,1,1,Balanced
52,75490,20,8983,41360,5,5,5,2,Aggressive
22,34373,14,19470,50193,2,5,5,1,Aggressive
46,182328,8,92431,23881,4,4,1,2,Aggressive
21,27045,19,128843,24110,5,3,2,1,Aggressive
50,175683,9,121539,55794,2,1,5,4,Aggressive
25,37355,15,124228,64777,0,1,1,3,Aggressive
31,104388,11,30725,49254,2,2,5,3,Aggressive
55,81919,17,143800,33928,1,3,5,3,Aggressive
40,136552,13,138536,7912,1,3,1,5,Aggressive
25,162418,16,17411,60439,5,5,4,3,Aggressive
54,141597,2,142632,28552,4,1,3,1,Aggressive
56,99704,14,56703,4172,2,3,2,2,Aggressive
46,38490,9,80246,38122,5,2,5,2,Aggressive
21,148991,6,149008,9646,1,2,3,2,Aggressive
31,172198,8,34713,76467,1,3,1,1,Aggressive
37,189605,14,114943,59713,0,2,2,1,Aggressive
58,77584,12,5798,33746,0,1,3,1,Aggressive
49,167195,9,65042,14486,0,1,3,4,Aggressive
56,132231,14,14287,59401,4,4,5,2,Aggressive
52,52846,4,67300,35156,3,5,2,2,Aggressive
26,188409,0,40849,67666,0,4,3,4,Aggressive
24,86941,9,29766,305,0,1,3,5,Aggressive
59,130436,17,86745,52447,3,1,1,4,Aggressive
38,28968,9,11575,77486,0,5,4,3,Aggressive
36,59351,10,90573,51760,2,5,3,2,Aggressive
38,41267,19,26048,56470,2,2,5,5,Aggressive
53,22331,5,62105,5229,5,4,4,4,Aggressive
55,171486,4,115450,66056,4,5,2,5,Aggressive
27,45300,3,22487,54158,3,2,4,5,Aggressive
23,127307,7,50231,19080,5,3,3,5,Aggressive
36,196644,19,128730,51583,2,2,3,4,Aggressive
24,97538,5,147577,12569,5,2,2,3,Aggressive
31,136727,5,14087,40914,3,5,5,2,Aggressive
40,182254,14,22357,8177,4,4,3,4,Aggressive
43,49892,15,65264,61184,2,3,1,3,Aggressive
27,115624,3,5640,69387,4,5,3,5,Aggressive
51,174233,15,131204,34072,2,4,5,5,Aggressive
27,128712,16,7679,60743,5,2,1,5,Aggressive
30,180877,10,69372,58104,5,4,3,4,Aggressive
54,194047,16,54594,22423,5,5,5,5,Aggressive
45,191771,19,77554,73715,1,5,5,4,Aggressive
53,150136,4,116050,33888,4,2,2,1,Aggressive
46,183796,1,63307,24148,0,2,4,5,Aggressive
23,25625,18,72635,42241,4,4,3,2,Aggressive
50,72503,3,100210,78435,3,2,1,3,Balanced
44,107660,8,25881,41571,2,3,3,1,Aggressive
22,60739,6,14466,35588,5,1,4,5,Aggressive
35,57494,9,127085,50539,4,2,1,5,Aggressive
44,114081,13,112888,51325,5,2,5,5,Aggressive
25,191372,8,138185,38841,0,3,5,1,Aggressive
50,103114,14,72454,24383,0,2,1,5,Aggressive
34,38693,20,142201,24671,5,3,2,5,Aggressive
24,48730,11,126773,9948,5,1,1,4,Aggressive
55,190135,16,128832,6322,5,4,2,5,Aggressive
55,31542,4,30580,39974,4,2,3,5,Aggressive
43,115096,11,10271,42822,2,1,1,5,Aggressive
35,111310,17,101634,76415,5,1,4,1,Aggressive
30,175734,10,30848,50024,2,4,1,1,Aggressive
43,191062,20,70317,55099,1,3,3,5,Aggressive
32,117590,6,119258,48367,3,3,4,4,Aggressive
21,199976,20,133440,43787,0,5,4,5,Aggressive
50,67008,2,111683,33339,0,5,2,4,Aggressive
38,157196,19,139294,40368,5,3,1,4,Aggressive
35,159471,3,50681,142,2,1,2,2,Aggressive
59,179166,8,51160,65833,0,5,4,4,Aggressive
34,33337,5,91610,32153,2,5,2,1,Aggressive
30,162983,9,126690,38575,4,3,3,5,Aggressive
31,83546,14,22799,35876,1,1,1,2,Aggressive
46,47638,11,35313,24641,0,1,1,4,Aggressive
58,180354,2,95534,45838,5,2,3,2,Aggressive
22,20870,4,23147,76039,5,2,4,2,Balanced
23,93882,13,136037,8910,3,2,5,5,Aggressive
39,191044,5,122123,23327,5,4,4,1,Aggressive
55,182051,7,65615,36364,4,1,2,2,Aggressive
55,173706,5,133786,37210,0,4,5,4,Aggressive
34,189288,15,54169,75805,0,4,3,2,Aggressive
48,21526,4,101291,43100,4,3,3,1,Aggressive
38,123840,11,128903,26834,5,4,1,1,Aggressive
54,138557,15,67747,34833,4,3,4,3,Aggressive
39,168889,4,119197,55018,0,1,1,5,Aggressive
25,120215,15,114788,50505,3,2,1,4,Aggressive
24,190159,12,23467,58457,3,1,3,4,Aggressive
40,148791,9,28089,16326,3,5,4,2,Aggressive
30,38561,3,86775,35645,2,3,3,4,Aggressive
50,138666,11,63688,42101,4,2,2,5,Aggressive
48,59144,14,73471,64724,1,4,4,4,Aggressive
26,84727,5,96067,47090,4,3,4,1,Aggressive
35,143219,12,130527,79344,4,5,1,3,Aggressive
26,73366,12,85563,18821,5,3,3,5,Aggressive
27,40573,15,11341,58251,0,4,2,4,Aggressive
29,139778,20,25366,71611,1,2,4,2,Aggressive
51,170617,2,119053,36249,4,5,2,3,Aggressive
59,36871,14,67002,48148,2,2,5,4,Aggressive
51,29200,18,98761,11915,2,4,1,4,Aggressive
58,142074,17,50688,10572,2,2,1,5,Aggressive
31,198812,20,133115,5223,1,5,1,1,Aggressive
48,137722,2,74527,51614,5,4,1,2,Aggressive
36,144365,3,28782,14332,5,3,5,5,Aggressive
21,69397,2,140690,56691,2,5,5,2,Aggressive
49,73246,4,6344,6999,1,4,2,4,Balanced
51,143689,13,119737,72830,1,5,2,1,Aggressive
51,27562,20,108401,42151,4,2,1,3,Aggressive
51,159876,3,88086,64517,2,1,2,3,Aggressive
57,186060,4,18453,1963,5,1,1,5,Aggressive
40,189988,15,140523,1043,0,1,5,4,Aggressive
53,64630,16,117830,53654,2,1,3,5,Aggressive
55,88495,0,99299,52867,5,3,2,4,Balanced
52,67686,15,124783,45393,4,3,1,5,Aggressive
30,49484,20,62762,44621,2,1,2,2,Aggressive
29,137255,18,57736,42940,3,4,3,4,Aggressive
40,162706,19,24489,72885,1,1,4,4,Aggressive
38,105626,15,127482,42893,5,4,2,5,Aggressive
52,163639,17,88327,3541,0,3,1,5,Aggressive
24,188993,3,38122,45860,5,5,3,3,Aggressive
52,37408,8,31422,2831,5,2,5,1,Aggressive
48,166584,16,147236,76753,1,1,1,4,Aggressive
36,87628,10,50711,78107,3,2,1,4,Aggressive
60,60441,7,111387,57875,5,5,1,1,Aggressive
60,71390,5,22942,54414,5,5,3,5,Aggressive
28,60321,1,25017,18128,4,3,1,1,Balanced
50,28764,9,120127,30731,1,1,2,4,Aggressive
52,39485,10,134116,50947,0,2,5,1,Aggressive
35,190426,18,118159,41294,3,5,5,5,Aggressive
24,25796,10,44040,21216,1,1,5,5,Aggressive
29,162930,19,85398,171,1,2,2,4,Aggressive
35,164340,17,87235,66401,5,5,1,2,Aggressive
27,21122,1,116063,48462,0,3,4,1,Aggressive
58,105812,16,50084,36822,5,4,1,4,Aggressive
27,141422,11,87788,58709,0,2,4,1,Aggressive
21,38008,17,65985,23068,1,5,4,4,Aggressive
28,187716,19,89896,46894,0,4,3,3,Aggressive
46,43657,8,82027,44170,4,3,3,3,Aggressive
34,70270,3,24491,28409,5,2,1,2,Balanced
35,127792,8,101125,36953,5,3,1,3,Aggressive
49,180948,3,25026,60497,3,3,1,4,Aggressive
43,103088,14,140979,42711,3,1,2,5,Aggressive
37,101250,2,132961,67369,2,5,4,3,Aggressive
50,100338,14,40334,60066,5,2,3,2,Aggressive
25,174565,17,64789,67064,3,2,5,1,Aggressive
58,51370,11,6509,71970,2,5,2,5,Aggressive
46,85820,20,18078,35185,3,5,2,2,Aggressive
22,160963,14,108001,8156,1,3,3,2,Aggressive
49,95103,10,68276,36639,4,3,4,1,Aggressive
45,123264,13,68801,7336,4,1,4,4,Aggressive
29,165151,19,110376,70474,5,3,4,5,Aggressive
25,83534,13,20404,67838,1,2,3,5,Aggressive
56,37709,8,126779,70348,0,2,1,2,Aggressive
59,170957,17,67342,6065,0,5,2,1,Aggressive
45,164205,14,58513,27698,1,3,5,1,Aggressive
32,119243,8,14571,64471,5,3,4,3,Aggressive
51,64069,17,126566,70375,0,4,3,5,Aggressive
21,173206,3,87167,17554,3,5,3,2,Aggressive
34,84959,1,30174,4604,1,1,4,2,Aggressive
48,192356,14,32544,48923,4,2,5,2,Aggressive
28,49453,16,118243,61239,0,2,3,4,Aggressive
42,151072,8,89163,17455,3,1,4,2,Aggressive
39,72144,14,50275,22086,5,2,3,5,Aggressive
28,181518,1,9701,57088,4,2,3,3,Aggressive
37,195684,6,112623,68074,3,3,4,3,Aggressive
23,174188,8,67971,55476,5,4,4,4,Aggressive
29,156339,19,141444,26782,4,3,1,4,Aggressive
34,118217,5,140843,3861,0,2,2,3,Aggressive
27,63020,19,97184,52293,3,4,4,3,Aggressive
53,52967,20,117842,14110,3,1,1,4,Aggressive
49,50408,6,37948,61021,0,4,4,1,Aggressive
25,47406,20,16106,78636,5,1,3,2,Aggressive
49,131495,1,86920,26897,0,5,1,2,Balanced
52,146532,17,79355,67985,0,3,4,2,Aggressive
48,72440,3,16684,1031,0,1,5,3,Aggressive
39,62834,11,122420,60647,5,5,4,4,Aggressive
55,138558,20,148636,75092,2,4,5,5,Aggressive
45,150980,16,18715,59948,2,4,1,5,Aggressive
38,178737,10,29737,49037,3,5,5,1,Aggressive
48,168936,15,86664,7937,4,5,4,1,Aggressive
57,61316,4,24372,11248,2,5,2,2,Balanced
25,175276,3,142967,40794,4,4,2,1,Aggressive
53,58988,18,123427,17958,5,3,2,2,Aggressive
38,171224,8,141641,54050,4,1,1,4,Aggressive
22,199243,14,89912,63605,3,3,4,4,Aggressive
22,190034,9,91131,53972,5,3,5,1,Aggressive
29,137952,20,106753,40621,5,4,5,3,Aggressive
58,72019,5,25053,70294,5,1,2,3,Aggressive
50,198324,16,55551,62286,1,2,3,1,Aggressive
41,181894,13,66444,55374,2,5,5,4,Aggressive
40,134545,17,66312,46990,3,5,1,4,Aggressive
53,135999,1,21495,78487,1,1,5,1,Aggressive
33,145059,13,5256,46919,3,2,2,5,Aggressive
24,170495,16,84645,79911,1,5,4,5,Aggressive
24,52725,11,72212,2152,3,1,5,1,Aggressive
53,106910,18,122800,14619,3,1,5,4,Aggressive
56,40405,11,107998,65680,2,5,3,3,Aggressive
52,184372,20,77762,22544,5,1,1,2,Aggressive
38,138333,12,34552,56134,3,1,5,4,Aggressive
41,165618,15,80003,19855,2,5,5,5,Aggressive
55,190807,20,99721,18782,5,5,5,3,Aggressive
35,22329,16,19758,23303,4,1,1,3,Aggressive
29,170906,4,52746,22052,0,2,5,2,Aggressive
60,192574,9,103817,40741,3,5,3,5,Aggressive
29,31740,8,131511,67134,0,4,3,4,Aggressive
34,162251,12,118868,17618,5,5,3,3,Aggressive
30,91178,18,80962,54898,0,1,3,2,Aggressive
32,161546,18,50406,7466,3,2,2,3,Aggressive
41,56911,2,51038,40325,3,4,1,4,Balanced
25,194651,15,35270,50470,3,1,1,5,Aggressive
32,24327,3,60328,12657,4,4,2,4,Aggressive
42,156079,0,108655,33766,1,3,5,2,Aggressive
33,127177,12,60243,46986,1,2,1,3,Aggressive
26,100080,19,47104,68592,4,5,5,4,Aggressive
49,171879,7,32951,66358,4,4,2,4,Aggressive
31,182337,8,102388,46524,1,4,3,3,Aggressive
50,101363,14,125247,55854,3,4,3,3,Aggressive
57,83581,20,72234,55399,1,1,3,4,Aggressive
49,189552,5,27267,53181,3,4,4,2,Aggressive
31,189476,12,94424,25190,1,5,3,1,Aggressive
26,71882,0,124673,36870,4,4,5,3,Aggressive
49,59716,20,145636,71827,5,3,5,3,Aggressive
25,155342,1,63706,5947,4,4,3,1,Aggressive
33,131374,12,32837,52243,4,2,2,1,Aggressive
56,169567,13,143944,61002,1,5,5,5,Aggressive
35,78505,12,47555,10826,1,3,3,1,Aggressive
32,97702,10,50513,3703,0,5,4,3,Aggressive
48,153952,9,67240,45766,1,4,4,4,Aggressive
26,140107,9,34190,38317,1,5,1,3,Aggressive
23,25324,4,30451,2368,3,4,4,1,Aggressive
42,165957,13,68852,26218,4,4,5,2,Aggressive
54,42499,12,134511,66346,3,2,3,3,Aggressive
39,191366,11,102995,16037,2,4,1,1,Aggressive
55,43211,8,148221,12809,4,2,2,2,Aggressive
24,42799,7,50078,43954,2,2,2,2,Aggressive
43,185070,15,75076,25355,2,4,1,1,Aggressive
41,182996,14,38751,47524,1,1,4,2,Aggressive
45,88732,1,114693,13620,3,3,4,3,Aggressive
38,72726,16,87804,6879,2,5,3,4,Aggressive
41,106979,16,52908,6878,1,2,5,5,Aggressive
57,114568,19,74603,12837,4,5,3,2,Aggressive
59,79815,19,121794,68874,5,3,2,2,Aggressive
59,126965,6,63323,18684,4,2,1,3,Aggressive
44,134843,10,103080,62025,1,5,5,4,Aggressive
26,151084,11,95539,4300,3,3,3,2,Aggressive
41,140147,18,116558,29806,2,1,4,1,Aggressive
26,89261,6,103988,39135,0,3,2,2,Aggressive
52,112323,13,78431,26801,3,2,2,4,Aggressive
42,128857,7,115983,24738,4,2,1,5,Aggressive
33,168876,11,126384,17613,2,3,1,3,Aggressive
29,121053,16,67451,75697,5,3,1,3,Aggressive
28,125883,8,95930,54937,3,5,2,4,Aggressive
42,152947,10,59485,20331,5,4,2,3,Aggressive
58,81496,8,63285,9500,2,4,5,4,Aggressive
33,29496,4,22204,63541,5,5,1,2,Balanced
31,91371,0,118603,41049,1,5,1,5,Balanced
48,191761,13,142215,10507,3,2,4,1,Aggressive
41,54291,1,88417,74522,1,3,3,1,Balanced
55,136807,3,133115,59093,0,2,3,1,Aggressive
27,89912,7,142017,29176,3,4,5,5,Aggressive
58,82944,16,121844,55866,4,4,4,1,Aggressive
50,105039,10,127396,60826,3,3,2,4,Aggressive
41,155128,9,22977,6154,4,1,5,5,Aggressive
36,109580,0,107117,34759,4,4,4,4,Aggressive
56,190248,5,98403,17188,5,1,3,1,Aggressive
22,154378,14,132596,47318,3,1,1,1,Aggressive
39,73046,3,57972,29322,2,4,1,5,Aggressive
31,143183,5,87758,9411,2,5,5,3,Aggressive
60,22995,14,135033,47212,2,2,5,3,Aggressive
45,139763,5,52918,59677,2,5,4,1,Aggressive
43,89235,16,110392,20987,0,4,5,3,Aggressive
24,140012,6,137035,41179,3,2,4,2,Aggressive
49,54391,1,76822,35147,3,1,1,1,Balanced
55,81355,0,62233,16084,1,5,5,2,Aggressive
34,57104,14,103293,16510,0,4,2,4,Aggressive
42,78510,18,30462,299,4,4,2,3,Aggressive
49,129864,20,136118,41293,4,3,3,4,Aggressive
44,133068,14,147388,67301,4,1,5,1,Aggressive
44,168409,2,119489,74033,3,3,2,4,Aggressive
48,146318,2,102325,14683,1,2,2,2,Aggressive
51,83247,4,114957,34098,5,2,1,1,Balanced
58,35325,19,7416,31896,4,1,4,4,Aggressive
44,152708,11,10088,37892,2,1,3,2,Aggressive
23,22929,16,53035,17835,2,2,1,4,Aggressive
44,197453,15,76529,37250,5,4,5,1,Aggressive
41,159236,7,39889,24108,0,2,4,2,Aggressive
24,163967,15,63677,62371,5,1,4,5,Aggressive
57,94349,1,127163,46595,5,5,3,1,Aggressive
55,161933,11,38621,56644,5,3,2,3,Aggressive
46,188362,4,68660,50595,3,3,2,3,Aggressive
51,114339,7,11203,2733,5,4,3,1,Aggressive
37,70108,4,112783,76123,5,2,1,4,Balanced
21,112805,14,112314,63268,4,1,5,2,Aggressive
54,92081,18,47438,7757,2,5,4,5,Aggressive
22,94042,13,65477,26503,1,3,5,2,Aggressive
24,197497,10,87559,47492,3,3,4,4,Aggressive
34,87235,9,6059,55972,0,4,3,1,Aggressive
37,74580,1,138670,65691,3,2,1,2,Balanced
51,71985,3,107601,19044,1,1,5,1,Aggressive
49,187877,9,131039,23209,4,4,2,2,Aggressive
36,38260,1,130850,46793,5,3,3,4,Aggressive
52,165379,13,76544,55246,1,4,1,1,Aggressive
48,73331,5,96062,24812,1,4,2,5,Aggressive
57,127437,9,139658,21193,0,2,4,1,Aggressive
54,96865,7,133235,12267,4,3,3,1,Aggressive
24,118362,0,8671,21134,5,2,3,5,Aggressive
46,199246,8,29745,3674,0,1,1,3,Aggressive
52,116951,5,148547,46508,2,5,1,5,Aggressive
58,95618,18,22456,51726,5,3,5,2,Aggressive
28,165679,18,18016,13071,3,5,2,3,Aggressive
21,50667,19,56112,8073,3,5,1,1,Aggressive
39,186007,3,111618,57411,2,2,2,3,Aggressive
25,175058,20,147247,51095,4,2,2,4,Aggressive
30,181073,1,105838,48088,1,2,1,5,Aggressive
50,58688,11,76804,66117,4,2,4,4,Aggressive
41,31683,14,24782,50244,4,3,5,5,Aggressive
59,194360,19,73660,41701,5,1,4,5,Aggressive
24,164175,15,136764,33916,2,2,5,3,Aggressive
58,163952,5,133391,56269,5,5,1,3,Aggressive
40,140267,18,88643,38042,0,1,1,3,Aggressive
30,23035,14,31525,60808,5,1,1,1,Aggressive
46,116985,13,138397,36644,3,2,1,4,Aggressive
53,75391,14,143864,755,4,5,5,4,Aggressive
48,62913,6,49492,75750,5,4,2,4,Aggressive
55,137903,11,100585,2855,5,1,4,1,Aggressive
21,178185,1,117145,23160,3,5,5,2,Aggressive
32,54711,11,140373,43505,3,4,3,2,Aggressive
53,169635,11,9473,22624,3,2,2,1,Aggressive
24,97319,12,107928,20882,2,5,2,1,Aggressive
27,172622,8,127476,23611,0,2,5,1,Aggressive
30,67629,9,26525,62519,4,5,1,3,Aggressive
38,47088,2,8099,6534,2,4,4,1,Balanced
45,22624,8,85188,38352,0,5,2,2,Aggressive
25,64545,20,25905,9775,5,2,4,4,Aggressive
23,31220,8,116068,57869,1,1,3,2,Aggressive
39,95636,8,120348,53239,0,4,1,1,Aggressive
44,104636,11,89550,11962,0,2,1,2,Aggressive
40,91432,17,15220,72351,0,1,5,4,Aggressive
36,96268,8,64398,69749,5,5,5,4,Aggressive
39,89960,5,132341,66652,4,2,5,4,Aggressive
29,93371,15,81824,6719,5,3,3,3,Aggressive
40,93081,14,107930,2954,2,2,4,2,Aggressive
25,64223,8,131755,49357,0,1,3,4,Aggressive
35,28611,18,146725,69459,0,4,4,1,Aggressive
43,169813,14,47802,59210,3,2,1,3,Aggressive
30,57259,17,138400,46069,0,4,2,2,Aggressive
29,140058,1,138843,76175,2,2,3,1,Aggressive
42,61701,6,138690,66239,5,4,4,2,Aggressive
21,71749,17,96421,59218,0,1,4,1,Aggressive
43,46606,7,9206,27030,4,4,2,1,Aggressive
26,21304,16,136605,8160,3,5,5,5,Aggressive
51,61013,2,63090,44207,1,3,3,3,Aggressive
43,163859,0,63192,79234,0,5,2,5,Aggressive
53,61998,18,7765,38486,3,5,2,4,Aggressive
27,111153,5,27110,53564,4,1,3,2,Aggressive
57,142709,12,146644,75065,0,3,5,2,Aggressive
26,97246,6,94418,20355,1,2,1,1,Aggressive
24,118054,1,35100,27779,3,3,4,2,Aggressive
35,181019,19,120248,38330,3,3,5,3,Aggressive
49,160447,15,107677,47392,1,2,3,2,Aggressive
50,26422,3,68378,52287,3,3,3,3,Balanced
57,54426,8,92861,49835,3,3,3,5,Aggressive
56,180441,20,138029,70105,2,5,5,2,Aggressive
40,106792,7,88766,21771,0,5,5,2,Aggressive
42,135039,17,26942,47231,0,4,2,3,Aggressive
36,42247,1,77626,19218,4,2,2,5,Aggressive
44,157640,7,144505,25091,2,2,2,5,Aggressive
53,81455,7,129918,52769,0,4,4,3,Aggressive
54,154547,7,79953,44717,4,2,2,3,Aggressive
33,58573,7,19479,58680,3,3,1,2,Balanced
39,163797,3,47901,7465,4,5,4,1,Aggressive
45,45966,12,143800,73763,5,5,4,1,Aggressive
44,179278,3,115322,72112,1,2,5,4,Aggressive
41,141836,7,91067,54667,4,5,5,3,Aggressive
46,21398,1,66874,25018,2,1,1,4,Balanced
38,62254,19,65944,2950,4,4,4,2,Aggressive
55,165230,1,29540,78018,4,5,1,3,Balanced
35,167021,4,13138,52847,0,5,4,4,Aggressive
34,162448,8,67283,3196,3,4,1,3,Aggressive
22,154280,5,73015,18278,1,3,3,3,Aggressive
52,169878,12,136310,45725,4,2,1,2,Aggressive
43,53994,19,87439,45345,3,3,2,1,Aggressive
47,126970,0,72926,23801,5,3,3,3,Aggressive
47,54796,9,114132,27984,2,4,2,3,Aggressive
24,37157,6,33037,32759,3,1,5,1,Aggressive
39,46002,20,110393,28019,5,5,2,1,Aggressive
52,123636,17,95259,21562,5,1,3,5,Aggressive
40,55935,16,63964,63035,4,5,5,2,Aggressive
47,91564,9,125402,22260,2,2,1,4,Aggressive
24,81517,2,19609,49750,4,2,2,3,Balanced
21,159776,15,10239,45209,4,2,2,5,Aggressive
59,57560,9,47099,70318,3,3,5,2,Aggressive
55,55202,7,52458,72469,4,1,5,2,Aggressive
36,188966,0,73487,62293,5,1,5,2,Aggressive
27,92791,4,139765,11798,2,2,3,3,Aggressive
32,185316,18,93379,57856,4,5,1,5,Aggressive
59,135086,11,77335,5623,0,1,5,1,Aggressive
49,81414,3,118887,61967,3,2,4,3,Aggressive
21,59812,8,148069,77332,0,2,5,4,Aggressive
54,68134,12,30754,72792,0,2,5,2,Aggressive
28,24351,10,100584,56600,0,3,2,3,Aggressive
41,154937,12,53194,34462,4,1,4,4,Aggressive
26,65389,6,135220,32677,4,1,4,2,Aggressive
54,37156,6,30831,72016,2,5,5,4,Aggressive
23,184059,15,102052,54713,2,3,2,4,Aggressive
57,143523,18,54313,34208,3,2,5,3,Aggressive
55,137598,15,149820,5261,5,3,4,2,Aggressive
23,185565,9,95602,68355,5,1,2,3,Aggressive
28,113690,16,111614,52439,2,2,5,5,Aggressive
46,102308,2,63791,41337,0,5,1,3,Balanced
56,104900,6,30342,76472,3,1,5,4,Aggressive
45,56478,8,83260,27469,0,2,5,4,Aggressive
29,149062,0,12347,15251,0,4,2,5,Balanced
58,88292,10,85000,75592,5,3,5,5,Aggressive
52,122930,8,102209,68819,4,1,2,1,Aggressive
35,181068,9,110293,4046,2,2,2,4,Aggressive
40,73558,10,68834,10859,2,5,4,3,Aggressive
49,131470,15,42068,42979,1,4,3,5,Aggressive
54,20779,12,129075,79179,1,2,3,5,Aggressive
27,114270,19,113480,26302,5,4,4,4,Aggressive
48,141563,1,121092,18842,3,5,1,5,Aggressive
22,169993,11,120363,74040,1,2,1,2,Aggressive
32,78873,4,16373,19829,2,2,5,3,Aggressive
53,102778,11,59685,40626,2,5,1,4,Aggressive
32,132181,18,34553,39359,4,3,2,1,Aggressive
44,112472,10,57061,16875,1,5,5,1,Aggressive
52,103488,0,19504,13663,1,5,3,3,Aggressive
60,153234,3,96663,31184,5,5,2,5,Aggressive
35,118346,17,74362,50708,4,4,3,3,Aggressive
57,132335,16,112573,9682,3,1,3,3,Aggressive
28,165527,8,140167,13897,4,4,4,5,Aggressive
31,198126,12,125275,65484,5,3,4,3,Aggressive
25,30568,0,149500,52076,1,1,5,1,Aggressive
37,135836,19,122878,15886,2,4,4,4,Aggressive
39,40704,1,28012,31953,4,2,5,3,Aggressive
26,78386,16,148118,51921,4,5,1,4,Aggressive
34,176070,1,100764,42016,2,3,5,4,Aggressive
40,170419,13,63577,62271,3,2,2,3,Aggressive
57,169202,0,62631,4002,2,4,1,5,Aggressive
22,149110,2,31852,52624,4,1,3,5,Aggressive
33,166528,1,113200,2043,4,3,2,1,Aggressive
58,45370,15,100912,20029,4,5,3,5,Aggressive
45,148528,12,123943,5080,3,3,1,4,Aggressive
34,114261,17,49268,71331,5,5,2,2,Aggressive
52,174003,12,54095,28019,5,3,4,4,Aggressive
38,86671,7,23399,2693,1,1,1,1,Aggressive
28,129244,20,63362,10763,0,4,3,3,Aggressive
44,141399,9,109498,72387,5,2,2,3,Aggressive
52,152993,0,33721,7030,4,5,2,5,Aggressive
42,185838,0,94318,56534,3,1,4,3,Aggressive
48,56278,10,8076,18983,5,3,2,2,Aggressive
21,154936,18,74115,16269,1,3,2,2,Aggressive
57,32147,11,111085,12271,2,3,2,3,Aggressive
39,139320,1,9885,49618,1,1,3,2,Balanced
24,69385,12,7827,69061,2,5,1,3,Aggressive
34,113847,17,67683,69593,2,4,2,3,Aggressive
34,186996,9,125708,68918,1,2,4,3,Aggressive
55,56694,19,9471,21992,5,4,1,3,Aggressive
43,116783,18,111643,71553,0,2,3,4,Aggressive
38,42458,17,58314,31720,2,1,1,1,Aggressive
46,75267,16,13256,59206,1,2,2,5,Aggressive
46,196453,12,8623,70472,4,4,2,5,Aggressive
56,137715,17,6544,1118,2,5,2,5,Aggressive
35,154466,2,6815,42745,5,5,4,4,Aggressive
39,48194,18,52806,51395,3,1,5,2,Aggressive
58,194035,5,132440,55717,4,1,5,2,Aggressive
21,81356,6,102490,11635,3,1,2,1,Aggressive
42,58402,9,23345,73793,3,3,1,2,Aggressive
59,152252,2,89199,20115,3,1,4,5,Aggressive
27,130941,7,8899,7615,2,5,1,5,Aggressive
52,98869,1,96473,8022,4,4,5,5,Aggressive
24,85200,9,136879,2114,5,5,2,3,Aggressive
26,140821,13,114309,22716,1,1,1,1,Aggressive
44,136407,7,144358,29667,5,4,3,4,Aggressive
28,153836,19,40181,37127,3,5,4,5,Aggressive
44,146427,16,28990,5232,3,5,3,3,Aggressive
39,96855,6,76478,71998,1,2,1,3,Aggressive
35,149030,5,45545,62094,5,2,1,3,Aggressive
58,157772,14,75027,66090,0,1,4,3,Aggressive
58,29163,2,36090,32554,1,5,5,5,Aggressive
23,61438,9,137604,21307,1,1,2,3,Aggressive
50,190137,11,56511,62322,5,4,4,2,Aggressive
22,151997,8,126908,40280,5,3,3,1,Aggressive
38,78152,2,16335,2810,5,3,4,2,Aggressive
48,178706,16,134993,34693,3,2,5,5,Aggressive
35,72540,16,94865,59679,5,5,2,4,Aggressive
41,159429,10,94987,36068,1,2,1,1,Aggressive
43,164930,14,11518,69661,4,2,4,2,Aggressive
54,118672,7,136364,29099,3,3,5,4,Aggressive
39,81892,2,137309,61566,3,1,1,3,Aggressive
39,154318,0,110059,27667,4,5,2,1,Balanced
47,53834,8,116359,55709,4,2,2,3,Aggressive
23,73984,3,80498,45208,3,4,1,5,Aggressive
32,177200,20,7262,27859,5,1,5,3,Aggressive
39,127931,3,13747,63511,0,5,1,1,Balanced
57,75309,18,17982,38435,3,1,5,2,Aggressive
43,110712,14,138048,24110,0,5,5,3,Aggressive
29,124351,7,27043,60970,5,5,5,1,Aggressive
47,162039,14,134777,29695,4,3,1,3,Aggressive
44,145209,12,133638,14998,3,2,3,5,Aggressive
56,35825,2,110024,36634,1,5,1,4,Aggressive
38,197474,16,77641,30804,3,5,4,1,Aggressive
34,146138,19,30843,22526,5,3,5,4,Aggressive
28,45627,5,113341,63196,0,3,5,3,Aggressive
58,177429,10,107782,67677,2,5,2,2,Aggressive
27,121641,17,90118,35563,3,2,1,3,Aggressive
35,57802,1,148038,59340,4,5,4,4,Aggressive
47,186400,8,39272,33021,1,3,5,1,Aggressive
54,194335,18,96321,17875,0,4,3,4,Aggressive
28,31629,7,122639,26821,4,1,5,5,Aggressive
25,91970,9,124288,70736,1,3,1,4,Aggressive
44,96344,20,144951,6464,4,3,5,5,Aggressive
56,142657,19,47606,24666,2,4,4,5,Aggressive
55,40183,9,68017,9274,2,2,2,3,Aggressive
41,32227,4,30227,31134,1,2,5,3,Aggressive
25,107866,9,121506,65098,5,2,1,1,Aggressive
54,42710,11,84479,36713,3,4,2,4,Aggressive
24,118087,15,25282,77747,2,5,1,5,Aggressive
45,177935,1,142882,41458,1,1,5,2,Aggressive
60,143559,13,45866,48441,5,2,4,1,Aggressive
29,42458,12,61684,62876,0,4,2,2,Aggressive
25,100770,2,71943,58410,2,3,2,2,Balanced
51,63566,1,54923,25813,3,3,1,4,Aggressive
23,96792,20,144191,18065,3,2,4,4,Aggressive
32,49881,8,16206,20239,0,2,5,2,Aggressive
45,28676,15,123183,59997,0,4,4,2,Aggressive
47,191623,6,83857,8184,2,5,3,4,Aggressive
59,53991,9,64669,72001,5,5,4,4,Aggressive
31,182819,13,133480,66304,2,2,4,2,Aggressive
29,152102,5,119539,77031,1,2,4,3,Aggressive
47,172677,0,132890,20172,5,3,3,3,Aggressive
52,123070,11,106761,68667,1,4,2,5,Aggressive
48,187629,16,134570,2871,5,1,1,5,Aggressive
47,31675,20,71316,56004,0,2,5,5,Aggressive
34,194737,5,50380,13091,2,1,1,3,Aggressive
38,151637,18,15144,43450,3,4,3,3,Aggressive
27,177017,10,146406,25888,0,5,3,1,Aggressive
22,26529,11,117616,56582,4,4,3,5,Aggressive
58,27605,12,10191,7256,5,3,4,5,Aggressive
54,28403,9,94251,44152,1,1,4,5,Aggressive
48,147560,0,137634,55485,3,5,4,2,Aggressive
26,40973,6,54652,18491,3,4,2,1,Aggressive
56,164880,9,30003,12683,4,1,1,2,Aggressive
55,37844,5,45094,37125,2,2,2,4,Aggressive
41,172159,2,27604,22358,5,1,1,3,Balanced
59,71195,4,48380,60367,2,1,2,3,Aggressive
53,68017,11,142391,8184,4,3,3,4,Aggressive
36,153955,0,49157,68911,0,3,2,5,Balanced
27,103563,3,120149,44788,3,3,2,2,Aggressive
22,67756,19,33578,52259,5,3,3,1,Aggressive
36,138233,20,56837,63908,2,3,3,2,Aggressive
44,109357,19,15783,72192,3,3,3,1,Aggressive
58,116122,10,113073,45207,0,1,1,1,Aggressive
58,192351,17,130119,52834,2,5,5,1,Aggressive
51,116087,10,55373,46467,5,3,2,4,Aggressive
58,117853,15,101988,61068,3,3,1,4,Aggressive
24,168968,19,105181,47349,2,1,5,1,Aggressive
42,174620,11,75190,3543,0,1,4,1,Aggressive
30,51596,20,25522,18402,1,5,1,1,Aggressive
32,90897,15,75439,9226,5,3,1,3,Aggressive
54,175667,9,129955,15217,3,5,2,2,Aggressive
34,86349,4,36953,75865,5,4,3,2,Balanced
26,73802,14,78728,34633,1,4,2,3,Aggressive
49,119485,16,52053,17288,1,4,3,4,Aggressive
35,91879,3,122234,9206,2,3,4,5,Aggressive
43,199427,13,11424,16923,1,1,2,3,Aggressive
52,55944,5,113479,30752,5,1,2,1,Aggressive
47,86815,4,72402,29703,3,1,1,3,Aggressive
28,108375,17,59340,33257,2,5,2,5,Aggressive
56,121665,7,67629,49702,0,2,2,2,Aggressive
34,134418,6,96807,50096,4,1,4,5,Aggressive
51,169445,5,67779,46376,4,1,5,1,Aggressive
40,180127,3,59703,43756,1,4,3,1,Aggressive
60,86998,12,19755,12630,1,5,1,3,Aggressive
51,37794,1,54276,42530,2,1,5,2,Aggressive
22,102112,9,5010,84,1,2,1,4,Aggressive
49,119704,15,9502,13628,5,3,1,5,Aggressive
32,75831,19,111028,43166,0,3,2,3,Aggressive
41,59256,14,81609,32142,0,3,5,1,Aggressive
40,45719,6,137254,29063,4,2,3,5,Aggressive
29,44209,15,94038,46260,3,1,1,4,Aggressive
28,176638,0,35894,36356,5,5,5,2,Aggressive
50,126701,8,73433,73903,2,5,1,5,Aggressive
57,114234,11,30605,37551,3,3,3,4,Aggressive
28,152840,3,68375,74328,4,1,4,2,Aggressive
29,183308,18,140460,54763,3,5,3,5,Aggressive
51,192801,11,92248,17621,5,1,3,4,Aggressive
37,45266,0,83230,79602,3,3,2,3,Balanced
33,31886,4,102646,13355,5,2,4,3,Aggressive
22,80482,3,75193,39829,4,1,1,4,Aggressive
43,86156,18,44323,21938,0,5,2,4,Aggressive
41,141658,0,106047,41876,2,4,1,2,Balanced
46,50657,3,17076,78178,0,3,4,4,Aggressive
50,45152,2,90785,38311,1,2,4,5,Aggressive
27,90530,8,34903,35294,1,1,4,2,Aggressive
31,35259,5,62268,20887,2,4,4,4,Aggressive
56,184500,19,122546,69692,2,4,4,3,Aggressive
46,53806,18,47933,14310,5,3,1,4,Aggressive
32,123939,14,88143,32356,4,5,5,1,Aggressive
50,76924,15,36238,58960,5,4,5,4,Aggressive
22,25884,15,73480,9952,3,3,2,3,Aggressive
58,90780,19,117878,50742,2,4,1,5,Aggressive
50,158459,7,144180,24277,4,3,4,4,Aggressive
55,99445,18,33186,79906,0,3,1,5,Aggressive
41,154228,17,34752,62060,3,3,2,3,Aggressive
38,61838,5,108595,77885,3,5,5,1,Aggressive
24,197510,12,118746,66057,5,3,3,5,Aggressive
54,46820,2,61457,20582,5,2,1,4,Aggressive
60,44505,11,130045,76085,5,5,1,3,Aggressive
35,129157,16,107527,64931,4,4,5,4,Aggressive
44,195816,6,31555,73921,3,4,1,4,Aggressive
49,69921,13,141888,59651,0,2,3,5,Aggressive
29,43529,10,43858,34950,0,4,1,3,Aggressive
42,135958,2,102994,24918,5,5,5,2,Aggressive
48,168835,10,149894,49368,1,3,4,5,Aggressive
60,21590,10,110080,48532,3,1,3,4,Aggressive
60,21430,8,129335,33878,4,3,2,4,Aggressive
38,195920,1,141868,58662,2,5,5,5,Aggressive
52,121967,7,131099,18376,1,4,1,1,Aggressive
39,185237,2,128936,12817,4,5,3,3,Aggressive
47,27812,20,18654,22027,4,3,5,1,Aggressive
33,162842,15,141621,2146,1,3,1,2,Aggressive
36,100764,12,91534,47621,0,3,5,4,Aggressive
58,102835,20,51060,19885,2,1,2,2,Aggressive
60,69304,7,28653,43500,2,1,4,4,Aggressive
46,50765,2,116405,18773,2,5,2,4,Aggressive
36,95742,7,48342,15046,2,5,4,1,Aggressive
24,35510,16,118111,67876,3,4,5,5,Aggressive
56,51460,18,87669,11390,5,3,5,4,Aggressive
24,101617,0,63133,45372,4,3,4,2,Balanced
26,77095,16,14091,36386,4,1,2,1,Aggressive
52,149858,0,99269,65822,4,4,1,2,Balanced
27,176559,6,122181,7293,2,3,2,4,Aggressive
51,156475,13,67539,29026,1,3,3,4,Aggressive
59,181151,6,14420,50423,5,3,2,5,Aggressive
36,71382,10,11331,60989,3,4,5,1,Aggressive
25,46813,9,53521,14864,1,3,5,3,Aggressive
24,171290,20,92304,16556,2,1,4,3,Aggressive
47,117210,8,95099,50086,0,5,5,4,Aggressive
42,131221,2,43422,15967,3,1,3,2,Aggressive
24,131922,5,96055,63802,4,2,4,1,Aggressive
45,129260,10,129699,61402,5,4,5,1,Aggressive
45,107104,7,9659,22262,1,3,5,3,Aggressive
33,159689,17,56476,33903,5,4,2,5,Aggressive
38,142775,18,90387,78512,5,2,5,1,Aggressive
60,129073,7,77284,11446,0,1,4,3,Aggressive
43,86602,9,16385,25537,4,2,4,4,Aggressive
59,54731,19,136580,50773,3,3,2,4,Aggressive
59,192068,14,107270,69452,4,2,3,5,Aggressive
52,124725,0,50428,71209,4,4,2,4,Balanced
29,34828,5,148091,62207,0,2,4,4,Aggressive
28,63851,1,101653,23849,1,1,1,1,Balanced
30,71794,3,21626,61555,5,2,1,2,Balanced
60,33215,7,28023,6755,4,5,1,5,Aggressive
38,91845,5,139269,7901,1,5,4,2,Aggressive
49,172152,12,95025,7582,1,1,4,5,Aggressive
35,143976,16,111002,38686,1,3,3,2,Aggressive
31,171982,20,13652,19747,1,2,4,3,Aggressive
39,142705,6,48900,25626,3,3,5,2,Aggressive
46,85156,15,77193,91,0,4,5,5,Aggressive
25,134161,15,23612,50542,2,1,5,3,Aggressive
30,180971,8,20494,69965,5,5,1,4,Aggressive
52,189157,20,147441,64046,1,5,3,3,Aggressive
40,73136,10,65966,3589,2,5,5,4,Aggressive
27,22541,4,114716,66203,2,3,5,2,Aggressive
50,55201,3,61298,18792,0,2,1,4,Balanced
48,174492,13,144759,8998,1,1,5,1,Aggressive
45,93116,4,23465,61434,3,2,5,3,Aggressive
57,152168,20,39008,46615,4,3,2,5,Aggressive
57,127927,7,101316,72354,1,2,3,5,Aggressive
28,108662,20,34007,4657,5,4,5,5,Aggressive
31,111399,4,20303,12470,4,2,4,1,Aggressive
37,100219,15,53987,14099,2,2,1,2,Aggressive
24,159287,20,22068,37707,2,3,4,1,Aggressive
44,65288,15,37685,19908,4,4,4,2,Aggressive
25,198898,18,140345,3503,5,5,5,2,Aggressive
29,22599,15,63534,56974,3,4,4,3,Aggressive
33,161206,18,95746,23622,0,2,4,1,Aggressive
41,90410,4,80510,54067,3,3,4,4,Aggressive
42,136000,18,52708,19140,3,2,3,5,Aggressive
60,150322,16,11930,16549,5,4,5,1,Aggressive
54,90291,5,69438,30981,2,1,4,3,Aggressive
39,134025,17,43749,14437,5,2,4,1,Aggressive
23,30431,9,21837,66755,1,5,4,5,Aggressive
30,151447,18,58039,3778,1,3,2,4,Aggressive
51,100472,5,53841,79686,1,5,1,2,Balanced
25,144613,11,32723,58148,0,4,3,2,Aggressive
32,117516,15,87462,72765,3,1,1,5,Aggressive
24,139796,6,38765,34341,5,1,5,5,Aggressive
32,171695,7,27503,47265,3,5,4,2,Aggressive
29,185595,19,17634,29171,0,3,3,4,Aggressive
42,29078,13,24909,67218,0,2,5,3,Aggressive
56,71295,19,19092,34344,0,4,4,1,Aggressive
60,197426,11,77640,22504,0,5,2,4,Aggressive
25,41983,8,35114,58549,1,1,5,4,Aggressive
47,70334,8,91015,25352,4,1,3,1,Aggressive
49,190144,6,92937,73367,5,5,3,5,Aggressive
24,75191,18,46485,60296,3,2,5,5,Aggressive
41,159396,1,138672,12101,3,5,1,4,Aggressive
31,34274,4,109939,14662,0,1,4,3,Aggressive
31,159418,18,45063,31250,2,3,3,3,Aggressive
30,98942,2,53632,73215,3,4,3,2,Balanced
55,25564,18,43286,17754,2,4,4,2,Aggressive
37,25430,6,95778,55920,2,4,2,5,Aggressive
32,137584,20,118598,30581,3,2,2,5,Aggressive
41,109569,3,33224,58441,4,4,5,2,Aggressive
56,162159,5,22644,36390,3,1,1,5,Aggressive
25,45103,2,30284,76423,4,5,3,2,Balanced
56,31875,19,93709,36633,2,2,1,4,Aggressive
26,156255,11,73871,66529,0,5,5,2,Aggressive
29,62231,1,49722,73806,1,1,5,5,Aggressive
28,129246,13,44237,8462,5,4,4,2,Aggressive
44,32713,7,62041,59658,5,3,1,2,Aggressive
25,125587,20,142965,5111,1,2,5,1,Aggressive
50,169769,5,54467,73905,3,2,3,3,Aggressive
51,34778,13,58794,55595,0,1,4,4,Aggressive
24,66920,16,48083,18106,2,2,2,3,Aggressive
38,64257,13,144465,32383,1,4,5,2,Aggressive
43,123246,6,24772,27666,0,3,1,5,Aggressive
54,153798,7,66768,51419,5,1,1,4,Aggressive
49,194183,10,12096,39092,5,2,5,1,Aggressive
40,158559,5,44553,36680,3,4,2,3,Aggressive
39,129886,2,34686,71889,3,5,3,4,Aggressive
57,80822,12,78232,1656,3,1,1,2,Aggressive
22,191048,19,89816,29203,4,4,4,3,Aggressive
40,185342,9,86566,34315,1,3,2,5,Aggressive
53,133666,18,86461,66081,0,2,1,5,Aggressive
34,157210,17,100020,43263,5,5,2,1,Aggressive
23,66002,9,31670,9142,3,4,5,4,Aggressive
51,116334,11,29760,32075,2,5,1,2,Aggressive
58,100627,1,58624,40398,3,3,3,1,Aggressive
56,117143,9,59978,53168,0,4,1,2,Aggressive
44,55758,13,89295,15393,0,3,3,3,Aggressive
39,133251,8,100215,59492,4,1,3,3,Aggressive
24,116561,9,6157,70887,3,3,5,1,Aggressive
21,50554,0,70880,1026,0,2,5,3,Aggressive
25,159116,3,36403,73714,3,4,2,3,Aggressive
48,87087,4,112020,51396,3,3,1,1,Balanced
27,24078,18,69613,56329,3,4,2,5,Aggressive
23,74226,18,137160,3610,4,2,3,1,Aggressive
25,178790,0,47250,66911,4,4,5,3,Aggressive
45,75362,9,149498,51779,2,5,2,3,Aggressive
31,66594,1,117582,45729,3,2,2,2,Aggressive
51,75355,16,127868,69450,4,3,1,4,Aggressive
34,20299,15,57898,57437,5,4,3,3,Aggressive
45,63912,17,108210,211,4,4,1,4,Aggressive
39,175120,11,9854,13210,1,4,2,5,Aggressive
33,54933,4,123268,19253,5,1,1,3,Aggressive
27,38373,0,56930,7412,0,3,5,4,Aggressive
49,199723,9,16284,74044,1,3,5,1,Aggressive
44,104533,7,43011,31290,5,1,2,5,Aggressive
60,90276,10,123748,60224,4,5,3,4,Aggressive
40,87399,13,140871,33797,1,2,4,2,Aggressive
34,111256,2,37392,66186,2,1,5,2,Aggressive
57,55234,14,142139,29276,0,4,4,5,Aggressive
25,116899,1,10610,56252,1,2,3,3,Aggressive
58,169319,14,113122,19654,4,4,5,4,Aggressive
23,68429,10,63986,50804,0,2,4,5,Aggressive
58,30860,2,42362,64167,4,2,1,5,Balanced
34,28214,3,82915,29589,5,5,2,3,Aggressive
51,106659,13,147941,18657,0,4,2,2,Aggressive
53,139579,17,131157,32024,2,3,1,1,Aggressive
56,54891,8,138558,4571,1,1,4,5,Aggressive
57,195652,14,13453,14230,2,1,3,2,Aggressive
24,156829,4,84905,34531,5,2,3,1,Aggressive
52,177147,12,5498,7788,5,5,2,2,Aggressive
56,31735,2,13072,54697,2,5,4,4,Aggressive
38,126369,12,62719,18331,4,5,3,3,Aggressive
54,102706,4,77905,32578,4,4,1,5,Aggressive
26,69412,1,120369,48241,2,3,3,5,Aggressive
56,107817,6,124014,34654,1,2,2,5,Aggressive
60,74815,2,69779,37894,0,5,5,4,Aggressive
47,90340,15,112259,69632,1,1,5,5,Aggressive
54,73146,5,22827,76180,4,4,2,2,Balanced
26,97719,6,80898,69337,0,5,1,4,Aggressive
49,21267,17,106627,2444,3,5,5,5,Aggressive
26,121963,15,137479,72865,0,1,2,4,Aggressive
27,47974,4,26997,49056,0,1,4,2,Aggressive
54,29032,19,31948,74576,5,4,5,1,Aggressive
31,112862,11,69758,6464,4,5,1,1,Aggressive
35,196197,2,91569,19097,5,5,5,5,Aggressive
48,66479,6,75545,38294,2,4,3,1,Aggressive
55,125850,9,97425,30899,2,2,5,4,Aggressive
37,58171,15,145387,15281,5,2,4,1,Aggressive
46,157736,6,16403,61605,1,5,2,4,Aggressive
54,154910,20,97305,62505,3,2,2,3,Aggressive
37,78563,2,100765,16747,3,4,1,2,Aggressive
39,118950,9,109315,1918,5,3,4,3,Aggressive
56,163952,19,103438,25285,0,5,3,4,Aggressive
22,149072,14,129754,2964,1,3,4,1,Aggressive
38,160322,15,31833,67337,4,5,3,4,Aggressive
38,181685,19,101809,76374,3,5,5,3,Aggressive
24,185486,3,70778,18822,5,5,2,5,Aggressive
59,20827,10,52305,71773,1,1,4,1,Aggressive
44,148964,7,55168,50289,5,3,1,3,Aggressive
30,59976,18,44404,12836,1,5,2,5,Aggressive
28,167595,11,130088,17400,1,5,1,1,Aggressive
40,25486,17,92787,71335,3,1,4,3,Aggressive
56,74206,1,68133,42021,5,2,3,5,Aggressive
25,62076,20,125885,35382,5,4,3,5,Aggressive
51,69867,1,119728,40324,0,5,4,1,Aggressive
37,183417,18,125746,37104,4,2,3,3,Aggressive
59,48817,9,36367,4793,4,4,5,5,Aggressive
21,136002,11,46274,10866,3,3,2,2,Aggressive
59,172325,14,51533,39835,5,1,4,1,Aggressive
39,66367,9,19187,63601,3,4,1,1,Balanced
22,27768,20,65143,12583,2,1,4,1,Aggressive
44,171493,2,113480,53785,4,2,3,1,Aggressive
54,101135,18,135115,26768,2,1,1,1,Aggressive
27,183710,10,5778,75939,5,2,4,3,Aggressive
38,104690,7,138427,54938,4,4,2,1,Aggressive
55,187008,20,37563,6990,0,5,4,3,Aggressive
33,186226,6,49549,76725,0,3,5,4,Aggressive
33,83705,15,75195,28717,0,1,2,2,Aggressive
58,178078,3,17433,53619,0,5,4,5,Aggressive
32,47200,12,9552,46295,0,3,5,2,Aggressive
51,54037,16,84144,36003,1,4,4,2,Aggressive
35,77641,3,30516,18846,4,3,5,3,Aggressive
35,37997,1,138859,18023,0,4,2,1,Balanced
34,167156,19,123298,25776,5,1,1,2,Aggressive
42,48997,19,66226,50870,3,2,5,5,Aggressive
40,99131,6,15022,69014,2,3,5,4,Aggressive
44,29593,2,122580,71011,0,4,2,5,Aggressive
46,21548,19,148982,78326,5,1,1,5,Aggressive
28,87447,1,10637,18845,2,5,4,4,Aggressive
25,145118,9,106878,33580,0,2,5,2,Aggressive
39,119688,7,101880,75086,3,1,5,5,Aggressive
27,82643,2,74210,74661,1,3,5,2,Aggressive
52,87451,19,92652,13258,0,2,3,1,Aggressive
44,130897,19,52111,35394,5,1,4,2,Aggressive
23,92364,18,10847,40244,3,1,1,2,Aggressive
58,93729,0,20580,49029,0,5,5,4,Aggressive
48,77637,5,131085,9484,3,3,3,3,Aggressive
59,170907,12,85955,4478,0,3,4,4,Aggressive
39,111506,2,48629,58073,2,5,5,3,Aggressive
54,172611,2,78608,4421,0,2,2,4,Aggressive
38,131528,14,140778,62640,3,2,1,4,Aggressive
47,56015,3,94492,72145,1,5,5,5,Aggressive
46,21770,19,103414,9725,2,1,4,2,Aggressive
28,21329,3,142412,24236,4,5,5,4,Aggressive
32,33273,8,14518,23967,4,5,2,3,Aggressive
32,110820,12,46427,18890,2,1,2,2,Aggressive
42,102684,19,44886,66673,3,2,3,5,Aggressive
40,173662,7,41251,45600,4,4,4,2,Aggressive
55,56625,0,75135,52888,4,1,1,5,Balanced
25,188865,9,46460,33744,4,3,5,2,Aggressive
45,35292,6,33090,15257,0,2,3,1,Aggressive
57,148789,0,15723,10425,1,1,2,3,Balanced
55,116713,12,10223,44115,5,1,5,5,Aggressive
59,105865,0,114178,11937,2,4,3,1,Aggressive
58,93959,7,120555,52251,2,3,2,2,Aggressive
49,37569,8,48325,22415,5,4,4,1,Aggressive
25,32002,4,12862,79697,1,5,4,4,Aggressive
31,106320,7,45605,75937,5,4,1,3,Aggressive
34,121749,14,58356,47549,2,4,1,1,Aggressive
42,59033,6,110464,21022,5,1,5,4,Aggressive
31,113045,8,79584,43511,3,5,5,1,Aggressive
21,179319,18,43490,36632,5,1,5,3,Aggressive
56,140988,8,72571,63161,3,5,1,2,Aggressive
22,44097,11,143403,28887,0,2,1,1,Aggressive
25,30199,13,60044,64261,1,5,3,1,Aggressive
47,161762,20,145331,4494,4,5,5,2,Aggressive
50,111340,15,140901,63225,2,5,4,3,Aggressive
32,152725,6,67895,47358,5,5,5,3,Aggressive
40,116610,20,16996,35110,5,3,3,3,Aggressive
50,120119,13,35739,46890,3,4,4,4,Aggressive
45,122038,12,123992,5099,5,2,2,5,Aggressive
47,61601,4,92044,73882,1,4,5,5,Aggressive
53,41593,5,28899,8042,0,4,4,1,Aggressive
23,129028,14,114665,64495,1,3,3,2,Aggressive
44,152176,8,117218,1224,2,3,3,1,Aggressive
22,88017,12,120951,36217,3,2,1,5,Aggressive
42,63939,17,97738,15392,4,3,5,3,Aggressive
28,107401,19,54476,8706,4,4,4,2,Aggressive
45,86667,3,94102,70331,1,5,2,4,Aggressive
53,36564,12,23028,36050,2,2,3,5,Aggressive
40,33237,0,79644,45182,3,1,1,1,Conservative
44,191251,14,7719,43063,3,2,2,2,Aggressive
40,164087,15,60063,30717,5,2,3,3,Aggressive
38,91759,16,84884,28396,4,1,1,3,Aggressive
52,131930,8,41299,41885,4,2,1,3,Aggressive
43,93179,17,84086,2787,4,2,5,3,Aggressive
46,72351,20,30888,39250,0,2,1,2,Aggressive
22,42564,12,40180,50048,1,3,1,5,Aggressive
26,96735,12,54610,47549,5,3,5,4,Aggressive
46,151347,15,49971,71753,3,5,5,1,Aggressive
41,112690,15,76515,33969,3,5,3,4,Aggressive
36,102728,3,93400,78278,5,3,5,4,Aggressive
53,56845,7,72169,38749,1,1,3,3,Aggressive
24,35689,2,23527,33835,1,2,1,5,Balanced
58,149945,1,48127,29701,3,2,2,5,Aggressive
45,123355,5,93747,63367,5,1,4,3,Aggressive
26,57524,20,22201,50756,2,5,2,4,Aggressive
29,81596,17,80524,63431,5,5,1,1,Aggressive
43,161322,20,45325,39931,2,5,3,5,Aggressive
38,145871,1,140588,52565,3,1,2,2,Aggressive
38,172928,20,11618,23446,2,5,2,1,Aggressive
51,158966,19,44949,46685,0,3,4,4,Aggressive
50,24147,0,6461,35606,3,2,1,2,Conservative
22,56698,5,25695,7776,4,2,2,5,Aggressive
29,164608,12,15182,34247,1,1,1,2,Aggressive
42,20454,7,51155,51773,4,5,2,5,Aggressive
42,44144,8,36075,14310,5,1,2,4,Aggressive
49,107476,5,42964,27143,3,4,3,4,Aggressive
25,176902,9,8533,28930,1,5,5,1,Aggressive
25,54596,13,112899,17976,2,1,4,4,Aggressive
46,135295,12,37342,56687,5,5,2,5,Aggressive
39,165504,1,57286,34072,5,4,1,2,Balanced
24,115135,3,99897,8120,3,5,4,2,Aggressive
38,120966,13,7018,319,0,2,2,4,Aggressive
50,197680,20,119366,10384,1,4,1,3,Aggressive
29,52549,17,90087,41663,3,4,4,4,Aggressive
43,144365,16,112950,68678,1,1,3,1,Aggressive
47,46915,19,7306,68465,1,1,2,4,Aggressive
23,168823,16,71339,71416,2,4,4,3,Aggressive
35,70708,4,5442,30717,1,5,3,1,Aggressive
27,44599,14,125998,25424,0,4,2,5,Aggressive
33,28987,15,31737,60565,0,5,4,2,Aggressive
54,91098,1,28099,70885,3,1,3,2,Balanced
56,110304,7,103237,43467,1,4,2,5,Aggressive
52,142587,6,25232,72522,0,5,4,4,Aggressive
56,45255,15,135939,68785,4,4,1,2,Aggressive
47,32046,7,146050,75145,3,3,5,3,Aggressive
38,196127,2,42043,70108,0,2,2,5,Aggressive
44,183359,7,46604,50631,1,5,5,5,Aggressive
56,135711,2,92855,64764,3,1,3,1,Balanced
27,89633,2,142888,29092,4,5,3,3,Aggressive
39,89063,12,6615,849,3,3,4,4,Aggressive
55,102547,8,108584,74851,2,2,1,5,Aggressive
35,65342,18,114558,5091,4,2,2,1,Aggressive
33,108704,4,114858,14527,0,1,4,5,Aggressive
23,116332,18,48223,64006,5,4,4,3,Aggressive
34,108112,10,62250,67327,3,2,3,1,Aggressive
21,88138,2,14697,65000,3,5,3,1,Balanced
27,187804,8,136952,21495,0,5,3,4,Aggressive
29,198234,2,102819,12667,3,1,5,3,Aggressive
37,132132,15,145654,77475,4,2,1,5,Aggressive
27,93825,19,50580,33120,4,3,4,3,Aggressive
60,25066,7,84016,13915,5,2,1,3,Aggressive
56,164012,6,74885,45892,0,2,2,4,Aggressive
45,82753,15,147252,14950,0,4,5,2,Aggressive
50,25203,18,78745,70844,0,4,4,3,Aggressive
55,149024,17,32380,65510,4,4,5,2,Aggressive
47,168100,10,23857,3269,1,4,1,4,Aggressive
22,56913,7,8998,63885,3,2,4,3,Aggressive
52,101524,20,111642,74861,5,5,1,1,Aggressive
30,58736,8,118747,66148,1,4,5,4,Aggressive
28,179082,14,9867,22380,0,1,4,4,Aggressive
43,90304,20,7356,23086,5,2,3,2,Aggressive
49,20385,4,97331,22622,0,2,1,4,Aggressive
44,93567,13,96391,11022,3,5,1,3,Aggressive
54,68099,1,99705,18352,0,2,1,2,Balanced
23,54975,6,42923,22361,3,4,3,2,Aggressive
46,20644,7,44825,50218,2,3,5,4,Aggressive
30,154973,15,71863,6090,3,1,5,5,Aggressive
24,178831,19,20120,78579,4,4,5,4,Aggressive
29,192292,18,106178,47265,2,2,2,3,Aggressive
53,51529,19,143869,56482,3,2,3,3,Aggressive
39,168499,9,84790,7735,3,4,5,5,Aggressive
59,154448,0,58865,32881,1,3,3,4,Aggressive
39,104441,12,116087,74366,1,1,2,4,Aggressive
43,197979,2,54363,32934,4,3,5,4,Aggressive
55,146597,10,22030,55257,3,2,5,2,Aggressive
57,41007,11,145901,63544,3,1,4,5,Aggressive
22,189650,15,109026,7780,5,4,3,1,Aggressive
51,157809,2,98341,13867,4,3,1,5,Aggressive
49,186626,7,80052,34756,4,3,2,4,Aggressive
35,24246,6,84603,32450,5,4,4,5,Aggressive
39,182136,7,67154,52649,3,3,3,5,Aggressive
25,130248,3,116206,5543,1,5,2,5,Aggressive
32,78397,14,132525,64349,3,5,1,5,Aggressive
30,137886,3,82859,78682,1,4,3,2,Aggressive
39,24859,0,88411,26138,3,2,2,1,Balanced
28,115645,19,130089,44302,5,2,2,2,Aggressive
60,73051,8,38521,62982,1,4,4,5,Aggressive
28,118963,7,15929,24580,1,5,3,1,Aggressive
37,164032,18,30353,73620,3,3,5,5,Aggressive
54,114971,16,73259,64839,5,2,1,5,Aggressive
40,104724,5,23111,37709,2,3,2,5,Aggressive
45,103555,5,79603,19689,5,2,1,1,Aggressive
32,35654,7,88252,15518,2,4,2,5,Aggressive
31,95885,3,58062,52086,0,5,3,3,Aggressive
30,119995,8,10497,69917,2,1,5,4,Aggressive
39,155676,1,67865,19302,5,2,1,4,Balanced
44,65076,14,148392,33309,3,4,4,5,Aggressive
53,185232,9,99071,70637,4,3,2,2,Aggressive
30,95614,8,126917,3747,4,1,3,3,Aggressive
57,89462,9,94259,71637,2,5,4,4,Aggressive
52,36659,14,133835,16727,0,1,3,5,Aggressive
31,31611,4,121261,49710,2,2,1,3,Aggressive
44,136797,9,19862,8698,2,4,2,2,Aggressive
31,133103,14,14241,57818,5,5,3,2,Aggressive
52,134726,11,71080,7387,5,4,2,2,Aggressive
48,175691,2,80360,51443,1,1,2,5,Aggressive
23,193621,11,140139,7086,2,3,3,3,Aggressive
38,41675,7,36019,706,5,5,5,3,Aggressive
33,122547,1,26064,71783,2,2,2,4,Balanced
22,27210,20,57172,36720,5,4,2,4,Aggressive
40,66130,14,108766,1047,0,5,2,3,Aggressive
40,120364,15,97569,47573,2,3,2,3,Aggressive
55,180280,18,103596,73368,2,5,5,5,Aggressive
54,111920,10,37884,73452,4,3,3,5,Aggressive
32,38614,15,108701,1455,1,3,3,1,Aggressive
30,121605,6,78854,53949,5,4,2,5,Aggressive
44,39166,2,56126,53167,2,1,2,3,Balanced
36,146928,11,83819,74007,5,3,5,3,Aggressive
52,198233,8,136592,78246,3,2,4,1,Aggressive
60,34158,9,114208,63010,3,1,5,3,Aggressive
29,39011,19,136346,19767,0,3,5,1,Aggressive
53,106502,14,131278,79916,5,4,5,2,Aggressive
22,45849,4,43025,21723,5,2,2,1,Balanced
32,90777,4,76411,2341,3,5,3,2,Aggressive
35,109882,8,122062,19833,1,3,1,1,Aggressive
24,94711,0,54596,33590,5,3,2,5,Aggressive
28,27924,8,47373,41329,3,2,4,4,Aggressive
44,63251,17,140400,63646,2,2,4,5,Aggressive
36,127788,18,10157,52761,5,5,5,4,Aggressive
46,57453,0,77668,48500,5,2,4,2,Aggressive
51,108357,4,118921,10381,0,3,5,2,Aggressive
26,28460,4,78775,50381,2,4,5,3,Aggressive
40,24148,15,97943,27332,5,2,3,4,Aggressive
53,73615,13,59505,56763,2,2,2,4,Aggressive
37,103374,1,75971,12747,5,5,3,2,Aggressive
57,37127,12,40582,75302,0,1,2,2,Aggressive
51,157291,11,56261,29198,2,2,5,3,Aggressive
45,62210,9,76093,39345,2,4,1,5,Aggressive
37,194865,2,140541,58499,1,3,5,2,Aggressive
60,37013,16,124009,69047,4,3,2,2,Aggressive
22,176117,14,85567,69424,4,2,3,2,Aggressive
55,133378,10,143974,53779,3,5,1,4,Aggressive
22,84549,12,46341,31862,3,2,3,2,Aggressive
55,135938,12,133860,72991,5,5,5,1,Aggressive
56,176681,13,45596,41660,5,1,2,5,Aggressive
35,60616,10,44268,73517,1,5,4,4,Aggressive
53,31279,2,34700,33712,2,5,3,4,Aggressive
53,123432,5,32002,57724,5,5,5,1,Aggressive
31,37923,4,22975,25584,2,5,2,1,Balanced
45,138725,9,57953,41303,3,2,5,3,Aggressive
52,121414,9,27530,23670,4,5,4,4,Aggressive
24,157492,18,24464,35177,5,2,1,1,Aggressive
25,75044,20,48094,22127,4,3,1,1,Aggressive
33,166605,8,91285,10792,4,4,5,3,Aggressive
35,113251,0,9781,72515,5,4,4,2,Balanced
46,105471,6,119076,38860,5,2,4,1,Aggressive
52,156735,17,37556,24345,3,2,5,5,Aggressive
23,127667,18,23551,24476,5,5,2,4,Aggressive
25,195422,5,91667,69590,0,4,4,4,Aggressive
39,66932,6,35865,58122,1,3,2,2,Aggressive
46,22978,12,110565,7217,5,2,3,4,Aggressive
53,23040,5,5351,54345,5,5,2,5,Aggressive
56,97915,2,58998,42374,3,2,3,2,Aggressive
22,52584,6,92308,9715,0,2,3,1,Aggressive
23,152550,11,118923,21080,2,5,3,1,Aggressive
36,186214,17,135980,22591,3,5,3,1,Aggressive
36,83077,18,46327,41541,2,1,1,2,Aggressive
50,190293,0,118551,20432,3,2,5,1,Aggressive
39,165707,8,103031,68595,0,2,4,1,Aggressive
23,152438,12,43889,17638,1,4,2,5,Aggressive
46,159175,12,99465,45521,4,2,2,1,Aggressive
32,42496,1,133617,23617,3,5,2,1,Aggressive
51,38220,6,61201,6462,0,4,3,3,Aggressive
50,110361,3,83702,30943,4,2,1,3,Balanced
22,181893,17,61028,74789,5,3,4,4,Aggressive
28,111179,7,110700,17521,5,1,5,4,Aggressive
40,86551,14,133814,1953,1,1,5,1,Aggressive
27,51753,17,51759,34545,3,5,1,1,Aggressive
37,190198,16,140136,70732,1,4,1,4,Aggressive
40,111241,5,90757,60925,5,4,2,4,Aggressive
30,192024,18,44125,65170,5,1,3,4,Aggressive
25,112573,18,62511,1001,4,5,2,3,Aggressive
24,147721,19,28885,61900,4,5,5,2,Aggressive
44,140026,9,60500,34530,0,3,4,4,Aggressive
49,171540,1,143021,34591,5,5,3,4,Aggressive
22,168846,3,14508,12515,2,3,1,5,Aggressive
43,70911,5,53347,18930,1,1,4,2,Aggressive
59,125867,20,13641,30483,2,5,5,2,Aggressive
53,188378,12,76298,10364,3,1,1,4,Aggressive
31,75314,9,64861,53474,3,5,5,4,Aggressive
35,134137,13,132680,6635,1,4,1,1,Aggressive
51,77702,16,137929,47665,1,5,5,3,Aggressive
31,71257,4,73096,60309,0,4,2,5,Aggressive
39,62408,14,67586,16048,2,4,1,2,Aggressive
32,151855,4,85152,29303,4,5,1,4,Aggressive
25,187067,12,123801,41780,4,5,1,2,Aggressive
42,149556,8,125378,79174,3,1,4,5,Aggressive
56,82633,9,69942,57729,2,1,2,4,Aggressive
55,93688,6,149960,272,1,3,4,2,Aggressive
39,133617,4,59501,26545,1,2,5,2,Aggressive
31,86556,1,10443,33759,1,4,1,4,Balanced
46,115375,20,72564,48868,1,2,3,1,Aggressive
50,25488,17,46782,51828,3,2,4,1,Aggressive
48,83932,16,34512,66871,0,1,5,3,Aggressive
36,53381,11,80655,2108,4,1,2,2,Aggressive
38,168183,18,25262,71711,5,5,3,4,Aggressive
54,152232,15,147845,67930,1,3,4,1,Aggressive
41,105754,19,20953,26591,2,5,2,3,Aggressive
40,189899,19,12437,18810,3,3,2,4,Aggressive
22,92531,20,117161,40164,4,5,2,4,Aggressive
43,131096,11,50084,78915,3,5,5,4,Aggressive
21,183623,10,64718,54631,5,4,2,4,Aggressive
60,25746,17,116491,35573,5,3,5,4,Aggressive
22,192214,0,98355,46802,0,3,5,5,Aggressive
27,22879,6,79521,13050,3,1,5,2,Aggressive
22,20663,10,99699,78408,2,3,3,5,Aggressive
59,183861,17,61960,31923,4,4,3,2,Aggressive
21,147010,7,71126,16680,4,5,4,3,Aggressive
29,82507,12,128811,66552,3,2,1,4,Aggressive
24,171515,1,58664,71001,3,3,2,4,Aggressive
54,50434,8,137941,52647,1,1,2,2,Aggressive
32,49939,17,112832,73556,3,5,4,2,Aggressive
24,125489,13,76571,15060,5,5,2,4,Aggressive
28,196418,5,33862,68235,3,1,4,5,Aggressive
58,194670,18,37018,33980,0,3,2,2,Aggressive
48,63275,1,24582,68407,5,4,4,3,Balanced
53,172659,20,135137,42658,1,4,4,4,Aggressive
41,120617,10,148980,68338,0,1,5,5,Aggressive
44,95663,9,77717,29911,0,2,5,1,Aggressive
30,133179,15,111889,67964,5,4,2,3,Aggressive
48,95565,18,60076,68954,4,1,5,5,Aggressive
59,21184,19,141807,7173,3,3,3,4,Aggressive
39,124808,3,138826,4775,2,1,4,3,Aggressive
27,137572,10,58488,73989,0,2,5,4,Aggressive
32,57726,14,137213,9311,4,1,5,1,Aggressive
33,144717,3,85333,40563,0,3,3,5,Aggressive
22,36752,12,71634,78745,4,3,3,4,Aggressive
42,156276,2,119146,17967,2,4,3,2,Aggressive
45,80975,19,36318,27905,4,1,2,5,Aggressive
21,100377,13,72353,55890,3,4,2,4,Aggressive
29,106913,2,77161,20161,0,2,2,4,Aggressive
35,87269,15,122422,24836,0,4,2,1,Aggressive
25,26253,14,106178,56631,0,2,2,1,Aggressive
34,152754,10,92140,19346,1,4,5,3,Aggressive
49,126617,16,82021,20589,1,2,4,1,Aggressive
42,55849,9,115697,57961,2,1,3,2,Aggressive
55,104491,16,140081,40729,4,1,4,3,Aggressive
42,182100,8,82662,15665,3,3,1,5,Aggressive
45,182755,15,23512,68758,3,3,3,2,Aggressive
48,45579,18,47417,6106,5,1,4,2,Aggressive
42,46425,2,123770,50444,1,1,3,2,Aggressive
43,20230,0,87971,9114,5,2,2,2,Balanced
31,34340,16,133161,11683,4,3,2,2,Aggressive
56,37151,5,93240,46443,5,2,5,1,Aggressive
51,86048,13,56979,41799,2,4,3,1,Aggressive
23,162088,8,9687,71208,3,4,4,1,Aggressive
34,92968,16,28828,42478,5,5,5,4,Aggressive
38,153626,11,106787,2740,1,1,2,3,Aggressive
